Student_ID,Attendance (%),Internal Test 1 (out of 40),Internal Test 2 (out of 40),Assignment Score (out of 10),Daily Study Hours,Final Exam Marks (out of 100),Total_Marks,Percentage,Result,Grade
S1000,84,30,36,7,3,72,100,72.0,Pass,B
S1001,91,24,38,6,3,56,100,56.0,Pass,D
S1002,73,29,26,7,3,56,100,56.0,Pass,D
S1003,80,36,35,7,3,74,100,74.0,Pass,B
S1004,84,31,37,8,3,66,100,66.0,Pass,C
S1005,100,34,34,7,3,79,100,79.0,Pass,B
S1006,96,40,36,8,3,83,100,83.0,Pass,A
S1007,83,39,37,7,3,77,100,77.0,Pass,B
S1008,91,30,37,8,2,71,100,71.0,Pass,B
S1009,87,27,37,8,3,61,100,61.0,Pass,C
S1010,77,34,25,7,2,54,100,54.0,Pass,D
S1011,78,26,28,6,3,53,100,53.0,Pass,D
S1012,77,27,29,7,3,53,100,53.0,Pass,D
S1013,84,28,34,9,3,55,100,55.0,Pass,D
S1014,86,38,33,8,3,65,100,65.0,Pass,C
S1015,71,28,29,7,3,53,100,53.0,Pass,D
S1016,94,34,36,8,3,75,100,75.0,Pass,B
S1017,85,29,36,7,2,69,100,69.0,Pass,C
S1018,84,36,34,8,3,74,100,74.0,Pass,B
S1019,82,35,29,7,3,66,100,66.0,Pass,C
S1020,98,40,40,9,4,92,100,92.0,Pass,A+
S1021,83,27,35,7,2,52,100,52.0,Pass,D
S1022,84,26,35,8,3,54,100,54.0,Pass,D
S1023,91,35,32,7,3,67,100,67.0,Pass,C
S1024,85,35,26,6,3,52,100,52.0,Pass,D
S1025,91,37,37,8,2,77,100,77.0,Pass,B
S1026,86,39,30,7,3,71,100,71.0,Pass,B
S1027,86,31,27,7,2,56,100,56.0,Pass,D
S1028,95,40,33,9,3,80,100,80.0,Pass,A
S1029,85,25,36,7,3,65,100,65.0,Pass,C
S1030,78,25,33,7,3,56,100,56.0,Pass,D
S1031,75,31,35,7,3,60,100,60.0,Pass,C
S1032,85,34,35,8,4,73,100,73.0,Pass,B
S1033,77,33,29,7,2,64,100,64.0,Pass,C
S1034,91,40,36,9,4,81,100,81.0,Pass,A
S1035,87,33,33,8,3,69,100,69.0,Pass,C
S1036,83,32,26,7,4,70,100,70.0,Pass,B
S1037,80,29,36,6,3,54,100,54.0,Pass,D
S1038,84,31,31,7,3,58,100,58.0,Pass,D
S1039,90,39,40,10,3,88,100,88.0,Pass,A
S1040,92,34,39,8,3,74,100,74.0,Pass,B
S1041,75,31,24,8,2,55,100,55.0,Pass,D
S1042,100,36,39,7,4,85,100,85.0,Pass,A
S1043,80,31,31,9,2,59,100,59.0,Pass,D
S1044,76,33,30,7,3,59,100,59.0,Pass,D
S1045,97,38,33,7,3,79,100,79.0,Pass,B
S1046,95,40,36,7,3,84,100,84.0,Pass,A
S1047,92,35,40,9,3,85,100,85.0,Pass,A
S1048,80,34,28,8,4,60,100,60.0,Pass,C
S1049,94,29,30,7,3,64,100,64.0,Pass,C
S1050,84,33,31,8,3,67,100,67.0,Pass,C
S1051,74,31,32,6,2,51,100,51.0,Pass,D
S1052,80,28,32,8,2,61,100,61.0,Pass,C
S1053,75,34,30,9,3,71,100,71.0,Pass,B
S1054,92,36,37,9,3,77,100,77.0,Pass,B
S1055,94,33,35,7,4,70,100,70.0,Pass,B
S1056,77,33,31,8,3,62,100,62.0,Pass,C
S1057,84,39,31,8,3,76,100,76.0,Pass,B
S1058,88,29,38,8,3,63,100,63.0,Pass,C
S1059,76,33,37,8,3,73,100,73.0,Pass,B
S1060,93,38,23,8,3,65,100,65.0,Pass,C
S1061,77,25,30,7,4,58,100,58.0,Pass,D
S1062,74,29,33,7,3,57,100,57.0,Pass,D
S1063,78,26,27,7,2,48,100,48.0,Pass,F
S1064,82,36,38,8,3,77,100,77.0,Pass,B
S1065,78,36,27,8,3,51,100,51.0,Pass,D
S1066,95,37,34,8,2,63,100,63.0,Pass,C
S1067,85,39,40,10,3,75,100,75.0,Pass,B
S1068,74,25,31,6,3,58,100,58.0,Pass,D
S1069,88,38,31,7,3,78,100,78.0,Pass,B
S1070,74,21,31,6,3,44,100,44.0,Pass,F
S1071,97,36,30,8,3,71,100,71.0,Pass,B
S1072,75,31,26,7,2,58,100,58.0,Pass,D
S1073,81,35,35,8,3,73,100,73.0,Pass,B
S1074,87,31,34,8,4,66,100,66.0,Pass,C
S1075,79,30,28,6,3,60,100,60.0,Pass,C
S1076,77,33,32,6,3,65,100,65.0,Pass,C
S1077,87,28,32,6,3,66,100,66.0,Pass,C
S1078,73,33,29,7,3,61,100,61.0,Pass,C
S1079,93,37,40,9,3,76,100,76.0,Pass,B
S1080,75,35,31,7,3,67,100,67.0,Pass,C
S1081,75,29,34,7,2,53,100,53.0,Pass,D
S1082,84,35,35,7,3,67,100,67.0,Pass,C
S1083,67,31,30,6,3,50,100,50.0,Pass,D
S1084,85,34,30,7,3,57,100,57.0,Pass,D
S1085,79,28,33,6,2,60,100,60.0,Pass,C
S1086,88,32,32,7,3,68,100,68.0,Pass,C
S1087,84,40,36,9,4,74,100,74.0,Pass,B
S1088,92,33,34,8,3,66,100,66.0,Pass,C
S1089,78,33,35,8,3,69,100,69.0,Pass,C
S1090,91,40,36,8,2,73,100,73.0,Pass,B
S1091,85,37,40,9,3,71,100,71.0,Pass,B
S1092,81,33,34,8,3,66,100,66.0,Pass,C
S1093,87,32,31,6,4,65,100,65.0,Pass,C
S1094,79,33,24,7,2,53,100,53.0,Pass,D
S1095,80,26,32,7,3,56,100,56.0,Pass,D
S1096,81,33,33,9,3,62,100,62.0,Pass,C
S1097,86,27,36,7,2,69,100,69.0,Pass,C
S1098,84,36,33,7,3,71,100,71.0,Pass,B
S1099,68,27,29,6,2,45,100,45.0,Pass,F
S1100,96,34,37,8,3,80,100,80.0,Pass,A
S1101,99,30,40,9,4,80,100,80.0,Pass,A
S1102,80,30,29,8,3,57,100,57.0,Pass,D
S1103,92,36,28,7,3,67,100,67.0,Pass,C
S1104,89,26,34,6,2,56,100,56.0,Pass,D
S1105,82,31,34,8,3,69,100,69.0,Pass,C
S1106,83,34,40,9,2,69,100,69.0,Pass,C
S1107,94,32,34,6,3,74,100,74.0,Pass,B
S1108,72,30,32,7,3,55,100,55.0,Pass,D
S1109,92,36,34,7,4,73,100,73.0,Pass,B
S1110,95,36,34,8,3,83,100,83.0,Pass,A
S1111,80,29,35,8,3,66,100,66.0,Pass,C
S1112,97,33,40,9,3,88,100,88.0,Pass,A
S1113,91,32,29,7,2,52,100,52.0,Pass,D
S1114,94,35,31,7,4,75,100,75.0,Pass,B
S1115,84,32,31,8,3,57,100,57.0,Pass,D
S1116,77,27,30,7,2,49,100,49.0,Pass,F
S1117,82,33,31,7,3,57,100,57.0,Pass,D
S1118,67,18,32,5,1,35,100,35.0,Fail,F
S1119,78,24,28,7,3,46,100,46.0,Pass,F
S1120,90,32,33,9,2,65,100,65.0,Pass,C
S1121,78,27,33,7,3,62,100,62.0,Pass,C
S1122,88,36,33,8,3,73,100,73.0,Pass,B
S1123,100,24,38,8,4,73,100,73.0,Pass,B
S1124,81,29,30,8,2,55,100,55.0,Pass,D
S1125,88,33,39,8,3,78,100,78.0,Pass,B
S1126,73,33,31,7,3,66,100,66.0,Pass,C
S1127,93,36,36,8,4,72,100,72.0,Pass,B
S1128,92,37,35,7,4,69,100,69.0,Pass,C
S1129,80,31,29,7,3,59,100,59.0,Pass,D
S1130,77,33,29,7,2,49,100,49.0,Pass,F
S1131,81,40,27,8,3,66,100,66.0,Pass,C
S1132,75,35,28,8,2,58,100,58.0,Pass,D
S1133,89,40,31,9,3,78,100,78.0,Pass,B
S1134,93,37,35,9,3,76,100,76.0,Pass,B
S1135,86,32,31,7,3,63,100,63.0,Pass,C
S1136,71,34,20,6,2,42,100,42.0,Pass,F
S1137,98,31,38,7,3,78,100,78.0,Pass,B
S1138,89,30,39,7,3,78,100,78.0,Pass,B
S1139,87,35,40,9,3,89,100,89.0,Pass,A
S1140,72,23,33,6,4,58,100,58.0,Pass,D
S1141,84,37,34,9,3,71,100,71.0,Pass,B
S1142,85,31,29,8,3,61,100,61.0,Pass,C
S1143,86,38,31,9,2,72,100,72.0,Pass,B
S1144,90,25,40,8,3,69,100,69.0,Pass,C
S1145,78,37,33,8,3,75,100,75.0,Pass,B
S1146,81,31,34,7,3,65,100,65.0,Pass,C
S1147,79,29,34,8,2,56,100,56.0,Pass,D
S1148,83,36,30,9,2,55,100,55.0,Pass,D
S1149,70,21,37,6,2,49,100,49.0,Pass,F
S1150,93,30,31,7,3,66,100,66.0,Pass,C
S1151,89,36,38,10,3,80,100,80.0,Pass,A
S1152,91,35,32,8,3,69,100,69.0,Pass,C
S1153,84,33,36,8,3,69,100,69.0,Pass,C
S1154,87,30,40,8,3,78,100,78.0,Pass,B
S1155,81,22,40,8,3,62,100,62.0,Pass,C
S1156,98,36,27,6,3,56,100,56.0,Pass,D
S1157,75,21,30,6,3,51,100,51.0,Pass,D
S1158,74,25,27,7,3,46,100,46.0,Pass,F
S1159,84,34,33,7,3,67,100,67.0,Pass,C
S1160,86,31,36,8,3,77,100,77.0,Pass,B
S1161,100,39,40,8,3,78,100,78.0,Pass,B
S1162,93,40,36,9,3,81,100,81.0,Pass,A
S1163,89,31,28,7,3,58,100,58.0,Pass,D
S1164,78,34,33,8,3,69,100,69.0,Pass,C
S1165,77,25,27,5,2,44,100,44.0,Pass,F
S1166,77,29,34,7,3,61,100,61.0,Pass,C
S1167,91,30,36,8,4,66,100,66.0,Pass,C
S1168,92,34,30,7,3,66,100,66.0,Pass,C
S1169,92,30,40,7,3,77,100,77.0,Pass,B
S1170,77,32,33,7,3,62,100,62.0,Pass,C
S1171,74,25,29,5,2,43,100,43.0,Pass,F
S1172,86,33,34,9,2,62,100,62.0,Pass,C
S1173,89,34,29,8,3,68,100,68.0,Pass,C
S1174,87,33,33,6,3,59,100,59.0,Pass,D
S1175,91,28,34,8,3,69,100,69.0,Pass,C
S1176,92,40,36,8,2,74,100,74.0,Pass,B
S1177,95,36,28,8,4,71,100,71.0,Pass,B
S1178,91,37,35,9,2,79,100,79.0,Pass,B
S1179,72,33,34,8,3,60,100,60.0,Pass,C
S1180,80,29,23,5,3,48,100,48.0,Pass,F
S1181,83,32,30,9,3,65,100,65.0,Pass,C
S1182,100,36,40,10,3,80,100,80.0,Pass,A
S1183,79,33,26,7,3,55,100,55.0,Pass,D
S1184,82,29,40,7,3,67,100,67.0,Pass,C
S1185,83,35,32,9,2,62,100,62.0,Pass,C
S1186,91,32,39,7,3,70,100,70.0,Pass,B
S1187,82,34,32,9,3,61,100,61.0,Pass,C
S1188,87,31,28,8,3,63,100,63.0,Pass,C
S1189,74,31,28,6,2,44,100,44.0,Pass,F
S1190,86,34,33,7,3,67,100,67.0,Pass,C
S1191,94,36,35,8,2,68,100,68.0,Pass,C
S1192,90,35,30,7,3,63,100,63.0,Pass,C
S1193,83,37,33,7,4,72,100,72.0,Pass,B
S1194,92,33,32,6,2,66,100,66.0,Pass,C
S1195,92,34,29,6,3,66,100,66.0,Pass,C
S1196,88,31,31,8,3,65,100,65.0,Pass,C
S1197,90,34,35,8,2,65,100,65.0,Pass,C
S1198,93,36,38,8,3,87,100,87.0,Pass,A
S1199,79,31,27,8,3,62,100,62.0,Pass,C
S1200,80,35,33,8,3,69,100,69.0,Pass,C
S1201,90,35,33,8,3,70,100,70.0,Pass,B
S1202,99,27,40,7,3,81,100,81.0,Pass,A
S1203,84,34,30,7,4,65,100,65.0,Pass,C
S1204,77,34,31,7,2,51,100,51.0,Pass,D
S1205,95,38,39,7,3,77,100,77.0,Pass,B
S1206,82,35,34,8,3,72,100,72.0,Pass,B
S1207,82,26,33,7,3,59,100,59.0,Pass,D
S1208,66,22,27,6,3,43,100,43.0,Pass,F
S1209,84,37,29,8,3,70,100,70.0,Pass,B
S1210,90,33,31,8,3,67,100,67.0,Pass,C
S1211,77,27,37,8,2,66,100,66.0,Pass,C
S1212,92,31,30,7,3,60,100,60.0,Pass,C
S1213,77,40,26,8,3,61,100,61.0,Pass,C
S1214,80,29,32,6,4,53,100,53.0,Pass,D
S1215,77,26,23,6,3,47,100,47.0,Pass,F
S1216,78,33,29,7,2,59,100,59.0,Pass,D
S1217,73,30,33,7,1,49,100,49.0,Pass,F
S1218,82,33,29,7,2,58,100,58.0,Pass,D
S1219,81,24,33,7,2,54,100,54.0,Pass,D
S1220,82,28,25,7,3,52,100,52.0,Pass,D
S1221,86,40,35,9,3,81,100,81.0,Pass,A
S1222,71,30,26,6,3,57,100,57.0,Pass,D
S1223,88,23,30,7,3,57,100,57.0,Pass,D
S1224,89,29,33,6,3,64,100,64.0,Pass,C
S1225,83,33,28,7,2,56,100,56.0,Pass,D
S1226,89,34,40,7,3,76,100,76.0,Pass,B
S1227,84,35,33,9,3,69,100,69.0,Pass,C
S1228,99,36,40,10,3,73,100,73.0,Pass,B
S1229,93,33,35,8,3,71,100,71.0,Pass,B
S1230,91,30,36,7,3,72,100,72.0,Pass,B
S1231,74,27,27,5,3,40,100,40.0,Pass,F
S1232,85,37,27,8,3,62,100,62.0,Pass,C
S1233,90,38,31,8,2,65,100,65.0,Pass,C
S1234,92,36,28,8,3,73,100,73.0,Pass,B
S1235,84,24,32,8,2,50,100,50.0,Pass,D
S1236,100,37,40,9,3,87,100,87.0,Pass,A
S1237,88,32,32,8,3,59,100,59.0,Pass,D
S1238,80,29,34,8,3,61,100,61.0,Pass,C
S1239,80,30,37,8,3,72,100,72.0,Pass,B
S1240,89,34,37,9,4,77,100,77.0,Pass,B
S1241,91,31,36,9,3,74,100,74.0,Pass,B
S1242,90,33,37,8,3,72,100,72.0,Pass,B
S1243,84,38,39,8,3,87,100,87.0,Pass,A
S1244,94,34,40,8,3,80,100,80.0,Pass,A
S1245,73,27,29,7,2,52,100,52.0,Pass,D
S1246,80,29,28,7,3,52,100,52.0,Pass,D
S1247,86,35,30,9,4,75,100,75.0,Pass,B
S1248,92,31,35,7,3,70,100,70.0,Pass,B
S1249,89,36,40,8,3,78,100,78.0,Pass,B
S1250,77,28,34,8,3,64,100,64.0,Pass,C
S1251,94,34,34,8,4,75,100,75.0,Pass,B
S1252,97,39,37,9,4,87,100,87.0,Pass,A
S1253,99,40,33,9,3,87,100,87.0,Pass,A
S1254,88,33,40,8,3,76,100,76.0,Pass,B
S1255,100,38,36,9,3,85,100,85.0,Pass,A
S1256,90,29,40,8,2,80,100,80.0,Pass,A
S1257,88,32,29,8,3,69,100,69.0,Pass,C
S1258,86,36,37,7,2,62,100,62.0,Pass,C
S1259,79,34,28,7,3,62,100,62.0,Pass,C
S1260,83,31,29,8,2,53,100,53.0,Pass,D
S1261,86,34,30,8,3,54,100,54.0,Pass,D
S1262,82,36,30,9,2,64,100,64.0,Pass,C
S1263,85,34,27,7,2,58,100,58.0,Pass,D
S1264,67,30,26,7,2,53,100,53.0,Pass,D
S1265,93,34,38,7,3,72,100,72.0,Pass,B
S1266,71,32,25,7,3,53,100,53.0,Pass,D
S1267,87,34,38,9,3,82,100,82.0,Pass,A
S1268,86,32,26,8,4,60,100,60.0,Pass,C
S1269,84,32,26,7,3,56,100,56.0,Pass,D
S1270,80,36,31,7,2,62,100,62.0,Pass,C
S1271,92,32,33,8,3,67,100,67.0,Pass,C
S1272,89,37,31,8,4,66,100,66.0,Pass,C
S1273,91,38,35,9,3,85,100,85.0,Pass,A
S1274,80,29,26,7,2,60,100,60.0,Pass,C
S1275,94,40,34,7,2,74,100,74.0,Pass,B
S1276,77,35,30,8,1,60,100,60.0,Pass,C
S1277,87,30,27,7,4,55,100,55.0,Pass,D
S1278,76,27,31,7,2,61,100,61.0,Pass,C
S1279,91,34,37,8,3,78,100,78.0,Pass,B
S1280,77,29,35,8,3,57,100,57.0,Pass,D
S1281,94,37,28,9,3,67,100,67.0,Pass,C
S1282,71,30,30,7,3,54,100,54.0,Pass,D
S1283,75,29,33,8,3,61,100,61.0,Pass,C
S1284,83,37,33,8,2,67,100,67.0,Pass,C
S1285,86,34,37,9,3,81,100,81.0,Pass,A
S1286,96,40,38,9,4,90,100,90.0,Pass,A+
S1287,86,32,24,6,2,59,100,59.0,Pass,D
S1288,90,38,39,9,4,85,100,85.0,Pass,A
S1289,77,40,29,8,3,75,100,75.0,Pass,B
S1290,82,29,28,7,2,52,100,52.0,Pass,D
S1291,78,32,29,7,2,61,100,61.0,Pass,C
S1292,83,34,28,7,3,70,100,70.0,Pass,B
S1293,86,28,36,8,3,69,100,69.0,Pass,C
S1294,79,31,29,7,3,60,100,60.0,Pass,C
S1295,89,39,38,9,3,78,100,78.0,Pass,B
S1296,90,31,28,7,3,62,100,62.0,Pass,C
S1297,69,27,30,8,2,45,100,45.0,Pass,F
S1298,74,31,33,8,2,53,100,53.0,Pass,D
S1299,78,29,26,7,2,53,100,53.0,Pass,D
S1300,80,26,24,5,3,47,100,47.0,Pass,F
S1301,85,31,35,8,3,61,100,61.0,Pass,C
S1302,86,29,19,5,3,47,100,47.0,Pass,F
S1303,76,21,34,6,2,54,100,54.0,Pass,D
S1304,82,29,32,7,3,61,100,61.0,Pass,C
S1305,79,28,31,7,2,61,100,61.0,Pass,C
S1306,93,29,36,7,3,61,100,61.0,Pass,C
S1307,83,35,32,9,3,69,100,69.0,Pass,C
S1308,79,31,31,6,3,63,100,63.0,Pass,C
S1309,90,40,38,10,3,88,100,88.0,Pass,A
S1310,80,33,30,8,2,61,100,61.0,Pass,C
S1311,71,32,30,8,2,54,100,54.0,Pass,D
S1312,82,32,29,8,3,65,100,65.0,Pass,C
S1313,79,29,28,7,3,57,100,57.0,Pass,D
S1314,75,25,29,7,3,51,100,51.0,Pass,D
S1315,87,32,37,8,3,65,100,65.0,Pass,C
S1316,86,32,30,7,3,60,100,60.0,Pass,C
S1317,86,36,36,8,3,76,100,76.0,Pass,B
S1318,100,39,40,8,3,85,100,85.0,Pass,A
S1319,81,35,33,8,3,76,100,76.0,Pass,B
S1320,66,27,32,6,2,41,100,41.0,Pass,F
S1321,80,33,32,6,2,59,100,59.0,Pass,D
S1322,80,30,30,6,3,55,100,55.0,Pass,D
S1323,88,33,37,7,3,68,100,68.0,Pass,C
S1324,92,32,31,7,3,70,100,70.0,Pass,B
S1325,86,32,29,7,3,63,100,63.0,Pass,C
S1326,68,31,21,6,2,38,100,38.0,Fail,F
S1327,81,26,22,6,3,55,100,55.0,Pass,D
S1328,83,38,29,8,3,72,100,72.0,Pass,B
S1329,74,27,27,6,3,49,100,49.0,Pass,F
S1330,91,31,35,8,3,64,100,64.0,Pass,C
S1331,81,27,22,5,2,40,100,40.0,Pass,F
S1332,77,29,31,8,3,68,100,68.0,Pass,C
S1333,84,38,26,7,3,71,100,71.0,Pass,B
S1334,77,32,25,7,3,47,100,47.0,Pass,F
S1335,85,28,33,7,3,62,100,62.0,Pass,C
S1336,91,31,35,8,3,69,100,69.0,Pass,C
S1337,83,31,39,7,3,70,100,70.0,Pass,B
S1338,76,30,30,7,3,50,100,50.0,Pass,D
S1339,74,32,24,8,2,56,100,56.0,Pass,D
S1340,86,40,35,9,2,80,100,80.0,Pass,A
S1341,78,28,35,8,2,50,100,50.0,Pass,D
S1342,82,34,36,8,3,63,100,63.0,Pass,C
S1343,78,31,32,7,3,55,100,55.0,Pass,D
S1344,81,36,40,9,2,70,100,70.0,Pass,B
S1345,93,38,37,9,4,89,100,89.0,Pass,A
S1346,79,28,34,7,3,54,100,54.0,Pass,D
S1347,84,26,24,6,2,40,100,40.0,Pass,F
S1348,76,33,26,7,2,53,100,53.0,Pass,D
S1349,81,27,37,8,2,48,100,48.0,Pass,F
S1350,82,31,39,8,3,73,100,73.0,Pass,B
S1351,82,35,36,9,3,76,100,76.0,Pass,B
S1352,83,28,33,6,2,55,100,55.0,Pass,D
S1353,76,29,29,7,3,52,100,52.0,Pass,D
S1354,82,30,31,7,2,60,100,60.0,Pass,C
S1355,96,40,36,9,3,89,100,89.0,Pass,A
S1356,78,30,33,7,3,62,100,62.0,Pass,C
S1357,91,30,33,8,4,74,100,74.0,Pass,B
S1358,100,37,40,8,3,92,100,92.0,Pass,A+
S1359,83,29,35,7,2,64,100,64.0,Pass,C
S1360,96,40,35,8,2,79,100,79.0,Pass,B
S1361,75,23,27,6,2,48,100,48.0,Pass,F
S1362,95,31,39,8,3,77,100,77.0,Pass,B
S1363,87,38,29,7,2,72,100,72.0,Pass,B
S1364,95,36,28,6,2,63,100,63.0,Pass,C
S1365,78,31,33,7,2,67,100,67.0,Pass,C
S1366,86,39,39,9,3,78,100,78.0,Pass,B
S1367,76,36,29,7,3,58,100,58.0,Pass,D
S1368,82,36,28,6,3,58,100,58.0,Pass,D
S1369,71,24,21,6,2,41,100,41.0,Pass,F
S1370,84,31,35,8,3,66,100,66.0,Pass,C
S1371,78,33,24,7,2,47,100,47.0,Pass,F
S1372,79,37,29,9,2,69,100,69.0,Pass,C
S1373,92,31,31,7,2,70,100,70.0,Pass,B
S1374,66,23,29,7,2,47,100,47.0,Pass,F
S1375,77,33,27,7,4,70,100,70.0,Pass,B
S1376,77,27,24,6,2,48,100,48.0,Pass,F
S1377,88,29,27,7,3,59,100,59.0,Pass,D
S1378,94,36,28,8,4,69,100,69.0,Pass,C
S1379,83,32,32,7,4,61,100,61.0,Pass,C
S1380,81,30,35,7,2,60,100,60.0,Pass,C
S1381,94,30,32,7,3,65,100,65.0,Pass,C
S1382,88,28,36,7,3,62,100,62.0,Pass,C
S1383,85,32,35,7,2,61,100,61.0,Pass,C
S1384,94,38,36,9,3,74,100,74.0,Pass,B
S1385,86,30,30,7,3,61,100,61.0,Pass,C
S1386,80,36,30,7,3,61,100,61.0,Pass,C
S1387,95,40,34,9,4,76,100,76.0,Pass,B
S1388,88,35,33,7,3,63,100,63.0,Pass,C
S1389,80,25,29,5,3,51,100,51.0,Pass,D
S1390,77,29,32,7,3,56,100,56.0,Pass,D
S1391,84,39,37,7,4,82,100,82.0,Pass,A
S1392,87,29,32,6,2,56,100,56.0,Pass,D
S1393,83,34,34,8,3,72,100,72.0,Pass,B
S1394,81,26,37,7,3,57,100,57.0,Pass,D
S1395,85,34,34,8,3,61,100,61.0,Pass,C
S1396,99,40,40,10,3,88,100,88.0,Pass,A
S1397,88,31,36,8,2,70,100,70.0,Pass,B
S1398,89,30,31,8,2,61,100,61.0,Pass,C
S1399,84,31,34,7,2,71,100,71.0,Pass,B
S1400,88,33,36,7,3,81,100,81.0,Pass,A
S1401,85,31,32,8,3,62,100,62.0,Pass,C
S1402,91,40,31,8,3,71,100,71.0,Pass,B
S1403,84,32,32,8,3,67,100,67.0,Pass,C
S1404,90,34,35,8,3,66,100,66.0,Pass,C
S1405,86,28,31,8,2,58,100,58.0,Pass,D
S1406,91,31,31,6,4,62,100,62.0,Pass,C
S1407,75,29,35,7,3,55,100,55.0,Pass,D
S1408,82,25,36,7,3,62,100,62.0,Pass,C
S1409,100,40,34,7,3,85,100,85.0,Pass,A
S1410,99,39,39,8,3,88,100,88.0,Pass,A
S1411,100,38,32,8,3,69,100,69.0,Pass,C
S1412,89,36,35,7,3,69,100,69.0,Pass,C
S1413,83,28,30,7,3,57,100,57.0,Pass,D
S1414,92,35,34,9,3,80,100,80.0,Pass,A
S1415,81,25,36,7,3,50,100,50.0,Pass,D
S1416,93,34,40,9,3,86,100,86.0,Pass,A
S1417,77,27,29,5,3,51,100,51.0,Pass,D
S1418,91,38,30,8,2,63,100,63.0,Pass,C
S1419,72,31,21,6,3,47,100,47.0,Pass,F
S1420,85,33,38,8,3,67,100,67.0,Pass,C
S1421,99,39,38,9,2,79,100,79.0,Pass,B
S1422,70,27,32,7,2,50,100,50.0,Pass,D
S1423,88,35,34,9,2,69,100,69.0,Pass,C
S1424,81,36,30,8,2,66,100,66.0,Pass,C
S1425,98,38,38,8,3,74,100,74.0,Pass,B
S1426,70,30,28,6,2,44,100,44.0,Pass,F
S1427,74,30,26,7,3,50,100,50.0,Pass,D
S1428,100,33,34,8,2,71,100,71.0,Pass,B
S1429,81,40,39,10,3,77,100,77.0,Pass,B
S1430,84,34,32,8,3,68,100,68.0,Pass,C
S1431,82,32,31,7,3,65,100,65.0,Pass,C
S1432,90,35,39,8,3,70,100,70.0,Pass,B
S1433,82,28,26,6,3,57,100,57.0,Pass,D
S1434,83,30,32,9,3,64,100,64.0,Pass,C
S1435,77,29,25,8,2,38,100,38.0,Fail,F
S1436,87,30,40,9,4,84,100,84.0,Pass,A
S1437,89,36,32,7,2,59,100,59.0,Pass,D
S1438,94,27,29,7,3,69,100,69.0,Pass,C
S1439,90,32,26,6,2,56,100,56.0,Pass,D
S1440,88,31,33,7,4,72,100,72.0,Pass,B
S1441,84,33,32,7,2,67,100,67.0,Pass,C
S1442,96,38,33,9,2,79,100,79.0,Pass,B
S1443,75,24,25,6,2,43,100,43.0,Pass,F
S1444,81,37,39,8,3,75,100,75.0,Pass,B
S1445,81,28,33,7,3,62,100,62.0,Pass,C
S1446,78,29,38,8,3,69,100,69.0,Pass,C
S1447,87,32,25,5,3,60,100,60.0,Pass,C
S1448,83,32,32,7,3,59,100,59.0,Pass,D
S1449,90,40,38,8,4,85,100,85.0,Pass,A
S1450,76,33,35,7,2,48,100,48.0,Pass,F
S1451,86,27,31,6,2,59,100,59.0,Pass,D
S1452,96,33,40,10,3,84,100,84.0,Pass,A
S1453,78,24,28,6,2,53,100,53.0,Pass,D
S1454,81,34,35,9,4,70,100,70.0,Pass,B
S1455,87,34,33,8,3,69,100,69.0,Pass,C
S1456,79,34,30,8,3,55,100,55.0,Pass,D
S1457,80,34,26,7,3,58,100,58.0,Pass,D
S1458,80,32,31,6,3,59,100,59.0,Pass,D
S1459,83,36,35,9,3,83,100,83.0,Pass,A
S1460,78,26,34,8,3,64,100,64.0,Pass,C
S1461,100,40,37,9,4,93,100,93.0,Pass,A+
S1462,77,30,28,8,3,56,100,56.0,Pass,D
S1463,83,36,35,8,2,71,100,71.0,Pass,B
S1464,99,31,40,9,3,75,100,75.0,Pass,B
S1465,85,29,39,7,3,75,100,75.0,Pass,B
S1466,86,24,29,7,3,50,100,50.0,Pass,D
S1467,69,32,25,7,2,50,100,50.0,Pass,D
S1468,91,37,34,9,3,77,100,77.0,Pass,B
S1469,89,33,36,9,4,74,100,74.0,Pass,B
S1470,85,33,31,7,3,58,100,58.0,Pass,D
S1471,77,30,35,7,3,61,100,61.0,Pass,C
S1472,81,29,29,7,3,53,100,53.0,Pass,D
S1473,84,38,38,8,3,71,100,71.0,Pass,B
S1474,93,27,32,7,3,64,100,64.0,Pass,C
S1475,87,25,36,8,3,66,100,66.0,Pass,C
S1476,68,36,25,7,2,53,100,53.0,Pass,D
S1477,72,28,22,6,3,41,100,41.0,Pass,F
S1478,80,30,33,8,2,61,100,61.0,Pass,C
S1479,93,40,33,9,3,76,100,76.0,Pass,B
S1480,71,27,25,6,3,44,100,44.0,Pass,F
S1481,84,33,25,7,3,52,100,52.0,Pass,D
S1482,82,32,33,7,3,64,100,64.0,Pass,C
S1483,83,26,35,7,2,62,100,62.0,Pass,C
S1484,92,32,34,8,3,70,100,70.0,Pass,B
S1485,94,40,33,9,2,74,100,74.0,Pass,B
S1486,86,35,31,8,2,64,100,64.0,Pass,C
S1487,71,29,32,7,3,58,100,58.0,Pass,D
S1488,92,37,31,8,2,74,100,74.0,Pass,B
S1489,94,38,37,7,4,82,100,82.0,Pass,A
S1490,78,37,29,7,3,65,100,65.0,Pass,C
S1491,78,27,35,7,3,58,100,58.0,Pass,D
S1492,96,40,40,10,3,93,100,93.0,Pass,A+
S1493,78,30,30,5,3,47,100,47.0,Pass,F
S1494,93,30,32,8,3,63,100,63.0,Pass,C
S1495,88,35,33,8,4,76,100,76.0,Pass,B
S1496,91,30,33,7,2,73,100,73.0,Pass,B
S1497,85,38,28,8,3,71,100,71.0,Pass,B
S1498,91,34,31,7,3,52,100,52.0,Pass,D
S1499,71,30,29,7,3,49,100,49.0,Pass,F
S1500,77,29,31,7,3,64,100,64.0,Pass,C
S1501,78,27,33,7,3,58,100,58.0,Pass,D
S1502,80,32,34,7,2,64,100,64.0,Pass,C
S1503,84,34,31,7,3,65,100,65.0,Pass,C
S1504,89,35,30,8,4,70,100,70.0,Pass,B
S1505,90,31,32,8,3,72,100,72.0,Pass,B
S1506,73,29,37,7,2,59,100,59.0,Pass,D
S1507,86,37,35,8,3,66,100,66.0,Pass,C
S1508,80,22,33,6,3,48,100,48.0,Pass,F
S1509,77,25,34,8,3,60,100,60.0,Pass,C
S1510,96,38,32,9,3,77,100,77.0,Pass,B
S1511,82,35,28,7,4,71,100,71.0,Pass,B
S1512,86,25,37,8,3,66,100,66.0,Pass,C
S1513,78,28,32,8,3,59,100,59.0,Pass,D
S1514,90,33,37,9,3,74,100,74.0,Pass,B
S1515,81,23,27,6,2,49,100,49.0,Pass,F
S1516,79,25,31,6,3,59,100,59.0,Pass,D
S1517,79,27,22,6,2,36,100,36.0,Fail,F
S1518,91,26,34,6,2,71,100,71.0,Pass,B
S1519,97,33,40,8,4,84,100,84.0,Pass,A
S1520,90,40,37,9,4,84,100,84.0,Pass,A
S1521,71,34,31,9,3,64,100,64.0,Pass,C
S1522,82,31,32,7,4,63,100,63.0,Pass,C
S1523,100,31,37,8,3,74,100,74.0,Pass,B
S1524,88,26,28,5,4,60,100,60.0,Pass,C
S1525,82,28,31,7,3,56,100,56.0,Pass,D
S1526,86,30,34,8,2,62,100,62.0,Pass,C
S1527,75,24,31,6,3,50,100,50.0,Pass,D
S1528,83,27,36,7,3,53,100,53.0,Pass,D
S1529,79,25,27,6,3,40,100,40.0,Pass,F
S1530,82,30,33,7,3,68,100,68.0,Pass,C
S1531,89,36,31,8,3,71,100,71.0,Pass,B
S1532,93,40,35,7,3,76,100,76.0,Pass,B
S1533,77,19,31,6,3,55,100,55.0,Pass,D
S1534,74,31,40,9,3,74,100,74.0,Pass,B
S1535,88,35,40,8,3,82,100,82.0,Pass,A
S1536,87,36,32,7,3,68,100,68.0,Pass,C
S1537,89,35,36,8,3,73,100,73.0,Pass,B
S1538,76,29,35,9,2,57,100,57.0,Pass,D
S1539,91,40,36,8,3,78,100,78.0,Pass,B
S1540,80,25,30,6,3,58,100,58.0,Pass,D
S1541,92,29,36,7,3,63,100,63.0,Pass,C
S1542,89,37,32,8,4,77,100,77.0,Pass,B
S1543,86,32,33,8,3,63,100,63.0,Pass,C
S1544,78,27,31,6,2,53,100,53.0,Pass,D
S1545,76,28,27,8,3,51,100,51.0,Pass,D
S1546,79,27,26,6,2,46,100,46.0,Pass,F
S1547,77,25,29,6,3,50,100,50.0,Pass,D
S1548,87,36,27,8,3,59,100,59.0,Pass,D
S1549,83,38,31,8,3,71,100,71.0,Pass,B
S1550,86,30,35,8,3,68,100,68.0,Pass,C
S1551,84,28,40,7,2,64,100,64.0,Pass,C
S1552,86,33,29,7,2,65,100,65.0,Pass,C
S1553,85,39,35,9,3,76,100,76.0,Pass,B
S1554,84,32,27,7,3,59,100,59.0,Pass,D
S1555,87,32,37,7,3,71,100,71.0,Pass,B
S1556,75,32,26,7,3,49,100,49.0,Pass,F
S1557,78,34,31,8,2,64,100,64.0,Pass,C
S1558,80,28,27,8,2,58,100,58.0,Pass,D
S1559,65,29,24,7,1,51,100,51.0,Pass,D
S1560,97,36,33,8,3,74,100,74.0,Pass,B
S1561,79,26,24,7,2,41,100,41.0,Pass,F
S1562,86,35,30,7,4,66,100,66.0,Pass,C
S1563,81,28,27,7,3,64,100,64.0,Pass,C
S1564,79,34,28,7,2,50,100,50.0,Pass,D
S1565,77,28,26,7,3,51,100,51.0,Pass,D
S1566,89,34,35,8,3,83,100,83.0,Pass,A
S1567,88,33,35,7,3,70,100,70.0,Pass,B
S1568,86,30,30,8,2,64,100,64.0,Pass,C
S1569,94,24,40,7,3,75,100,75.0,Pass,B
S1570,90,30,30,6,3,56,100,56.0,Pass,D
S1571,81,27,25,7,4,50,100,50.0,Pass,D
S1572,85,26,29,7,2,57,100,57.0,Pass,D
S1573,82,24,32,6,3,53,100,53.0,Pass,D
S1574,100,39,40,9,3,91,100,91.0,Pass,A+
S1575,86,31,33,8,4,70,100,70.0,Pass,B
S1576,68,18,28,4,3,49,100,49.0,Pass,F
S1577,100,39,35,8,4,85,100,85.0,Pass,A
S1578,74,20,35,6,2,52,100,52.0,Pass,D
S1579,100,37,37,8,3,82,100,82.0,Pass,A
S1580,85,31,37,8,3,78,100,78.0,Pass,B
S1581,86,34,34,8,3,70,100,70.0,Pass,B
S1582,88,36,34,9,3,80,100,80.0,Pass,A
S1583,84,37,40,8,3,77,100,77.0,Pass,B
S1584,90,37,31,7,3,71,100,71.0,Pass,B
S1585,82,30,33,8,2,66,100,66.0,Pass,C
S1586,74,23,25,6,3,40,100,40.0,Pass,F
S1587,88,33,35,8,3,68,100,68.0,Pass,C
S1588,87,34,28,7,3,68,100,68.0,Pass,C
S1589,85,33,37,10,3,81,100,81.0,Pass,A
S1590,94,30,36,8,3,77,100,77.0,Pass,B
S1591,89,34,32,8,3,70,100,70.0,Pass,B
S1592,89,32,34,8,3,70,100,70.0,Pass,B
S1593,86,40,40,9,3,80,100,80.0,Pass,A
S1594,78,32,24,6,3,49,100,49.0,Pass,F
S1595,80,31,34,8,3,64,100,64.0,Pass,C
S1596,86,37,40,9,3,81,100,81.0,Pass,A
S1597,80,39,28,7,3,65,100,65.0,Pass,C
S1598,89,38,26,6,3,62,100,62.0,Pass,C
S1599,90,32,32,7,4,68,100,68.0,Pass,C
S1600,90,35,30,7,2,75,100,75.0,Pass,B
S1601,96,38,40,9,3,81,100,81.0,Pass,A
S1602,78,27,31,7,3,68,100,68.0,Pass,C
S1603,69,33,34,8,2,46,100,46.0,Pass,F
S1604,86,25,35,6,3,58,100,58.0,Pass,D
S1605,93,33,38,8,3,80,100,80.0,Pass,A
S1606,80,26,21,6,3,44,100,44.0,Pass,F
S1607,83,31,30,7,3,65,100,65.0,Pass,C
S1608,86,31,32,7,3,64,100,64.0,Pass,C
S1609,83,31,37,7,3,57,100,57.0,Pass,D
S1610,89,36,34,9,3,69,100,69.0,Pass,C
S1611,86,29,26,8,2,60,100,60.0,Pass,C
S1612,74,30,31,6,2,54,100,54.0,Pass,D
S1613,99,29,32,6,3,61,100,61.0,Pass,C
S1614,91,35,37,8,3,80,100,80.0,Pass,A
S1615,86,35,34,8,2,66,100,66.0,Pass,C
S1616,86,34,31,8,3,70,100,70.0,Pass,B
S1617,77,32,33,7,2,53,100,53.0,Pass,D
S1618,76,30,31,7,2,50,100,50.0,Pass,D
S1619,78,26,26,7,3,51,100,51.0,Pass,D
S1620,91,28,35,7,3,63,100,63.0,Pass,C
S1621,99,33,40,7,5,83,100,83.0,Pass,A
S1622,93,35,40,8,3,76,100,76.0,Pass,B
S1623,83,25,26,7,2,46,100,46.0,Pass,F
S1624,90,29,29,7,3,62,100,62.0,Pass,C
S1625,96,31,37,8,3,74,100,74.0,Pass,B
S1626,80,30,27,7,2,51,100,51.0,Pass,D
S1627,94,38,35,8,3,76,100,76.0,Pass,B
S1628,91,29,30,7,4,74,100,74.0,Pass,B
S1629,79,24,34,7,3,58,100,58.0,Pass,D
S1630,90,34,35,10,4,77,100,77.0,Pass,B
S1631,100,27,35,8,3,79,100,79.0,Pass,B
S1632,83,33,32,8,4,67,100,67.0,Pass,C
S1633,93,29,32,7,2,63,100,63.0,Pass,C
S1634,83,27,33,6,2,54,100,54.0,Pass,D
S1635,93,30,34,8,2,54,100,54.0,Pass,D
S1636,79,28,32,6,3,60,100,60.0,Pass,C
S1637,82,38,35,9,3,80,100,80.0,Pass,A
S1638,88,33,28,7,2,63,100,63.0,Pass,C
S1639,95,35,40,7,3,80,100,80.0,Pass,A
S1640,96,37,40,9,3,86,100,86.0,Pass,A
S1641,82,26,35,7,3,65,100,65.0,Pass,C
S1642,93,39,38,9,3,87,100,87.0,Pass,A
S1643,92,36,40,9,4,85,100,85.0,Pass,A
S1644,98,29,40,8,3,79,100,79.0,Pass,B
S1645,82,25,26,6,3,52,100,52.0,Pass,D
S1646,80,28,35,8,2,65,100,65.0,Pass,C
S1647,96,35,37,8,3,74,100,74.0,Pass,B
S1648,76,35,29,7,2,52,100,52.0,Pass,D
S1649,81,37,29,8,4,65,100,65.0,Pass,C
S1650,79,30,28,8,3,60,100,60.0,Pass,C
S1651,88,31,34,7,3,60,100,60.0,Pass,C
S1652,79,34,28,7,3,64,100,64.0,Pass,C
S1653,79,34,34,8,3,64,100,64.0,Pass,C
S1654,89,40,30,9,3,70,100,70.0,Pass,B
S1655,98,37,37,8,4,86,100,86.0,Pass,A
S1656,90,30,36,7,3,60,100,60.0,Pass,C
S1657,90,28,34,7,3,73,100,73.0,Pass,B
S1658,85,34,37,9,3,76,100,76.0,Pass,B
S1659,88,31,30,7,3,66,100,66.0,Pass,C
S1660,83,29,31,8,3,67,100,67.0,Pass,C
S1661,82,27,34,8,3,57,100,57.0,Pass,D
S1662,75,25,31,8,3,50,100,50.0,Pass,D
S1663,83,32,37,9,3,77,100,77.0,Pass,B
S1664,85,31,27,7,3,57,100,57.0,Pass,D
S1665,93,35,37,8,3,73,100,73.0,Pass,B
S1666,86,30,26,7,2,53,100,53.0,Pass,D
S1667,84,33,36,7,4,72,100,72.0,Pass,B
S1668,73,36,34,8,2,65,100,65.0,Pass,C
S1669,71,26,35,7,2,47,100,47.0,Pass,F
S1670,85,32,37,8,3,67,100,67.0,Pass,C
S1671,82,36,29,7,3,66,100,66.0,Pass,C
S1672,86,31,28,7,3,66,100,66.0,Pass,C
S1673,80,32,32,7,2,60,100,60.0,Pass,C
S1674,88,32,34,7,2,76,100,76.0,Pass,B
S1675,77,24,33,6,2,46,100,46.0,Pass,F
S1676,93,38,33,8,3,76,100,76.0,Pass,B
S1677,94,39,34,9,3,81,100,81.0,Pass,A
S1678,60,23,16,5,2,31,100,31.0,Fail,F
S1679,83,33,27,7,2,54,100,54.0,Pass,D
S1680,74,30,31,7,3,62,100,62.0,Pass,C
S1681,84,33,30,9,3,62,100,62.0,Pass,C
S1682,73,34,28,9,2,62,100,62.0,Pass,C
S1683,66,32,21,5,3,40,100,40.0,Pass,F
S1684,85,36,26,7,2,60,100,60.0,Pass,C
S1685,88,23,27,6,3,53,100,53.0,Pass,D
S1686,86,34,31,8,3,62,100,62.0,Pass,C
S1687,100,40,40,10,3,86,100,86.0,Pass,A
S1688,91,28,31,6,3,59,100,59.0,Pass,D
S1689,82,29,35,7,3,61,100,61.0,Pass,C
S1690,77,28,27,6,2,55,100,55.0,Pass,D
S1691,81,29,34,7,3,61,100,61.0,Pass,C
S1692,81,30,29,6,2,54,100,54.0,Pass,D
S1693,89,33,32,7,4,73,100,73.0,Pass,B
S1694,82,29,32,8,4,69,100,69.0,Pass,C
S1695,87,38,29,8,3,65,100,65.0,Pass,C
S1696,88,31,38,8,4,75,100,75.0,Pass,B
S1697,86,34,33,8,3,67,100,67.0,Pass,C
S1698,81,32,29,8,3,48,100,48.0,Pass,F
S1699,88,27,36,8,3,63,100,63.0,Pass,C
S1700,94,33,34,6,3,65,100,65.0,Pass,C
S1701,68,31,27,7,3,48,100,48.0,Pass,F
S1702,99,33,35,8,3,75,100,75.0,Pass,B
S1703,78,34,31,8,2,56,100,56.0,Pass,D
S1704,73,26,29,7,3,53,100,53.0,Pass,D
S1705,91,37,29,8,2,66,100,66.0,Pass,C
S1706,87,32,39,8,3,75,100,75.0,Pass,B
S1707,86,35,29,7,3,60,100,60.0,Pass,C
S1708,90,28,33,7,2,67,100,67.0,Pass,C
S1709,90,31,30,8,2,60,100,60.0,Pass,C
S1710,89,30,33,8,4,68,100,68.0,Pass,C
S1711,85,40,34,8,2,76,100,76.0,Pass,B
S1712,60,28,26,5,3,40,100,40.0,Pass,F
S1713,90,37,37,9,3,83,100,83.0,Pass,A
S1714,89,35,33,7,3,64,100,64.0,Pass,C
S1715,80,28,36,8,2,59,100,59.0,Pass,D
S1716,80,32,34,8,3,62,100,62.0,Pass,C
S1717,89,38,31,8,3,74,100,74.0,Pass,B
S1718,81,34,37,8,2,73,100,73.0,Pass,B
S1719,74,30,29,6,3,58,100,58.0,Pass,D
S1720,74,31,31,7,2,49,100,49.0,Pass,F
S1721,87,28,30,6,2,54,100,54.0,Pass,D
S1722,87,26,37,8,2,60,100,60.0,Pass,C
S1723,95,37,27,9,4,68,100,68.0,Pass,C
S1724,77,30,28,7,3,47,100,47.0,Pass,F
S1725,92,26,33,6,3,59,100,59.0,Pass,D
S1726,84,29,27,7,3,53,100,53.0,Pass,D
S1727,76,25,27,7,2,47,100,47.0,Pass,F
S1728,87,40,39,9,2,76,100,76.0,Pass,B
S1729,89,40,40,8,3,80,100,80.0,Pass,A
S1730,98,34,37,8,3,77,100,77.0,Pass,B
S1731,76,23,29,6,2,39,100,39.0,Fail,F
S1732,72,28,24,6,3,45,100,45.0,Pass,F
S1733,92,29,28,6,2,61,100,61.0,Pass,C
S1734,80,32,30,8,3,58,100,58.0,Pass,D
S1735,86,25,37,7,4,63,100,63.0,Pass,C
S1736,82,32,30,7,3,64,100,64.0,Pass,C
S1737,86,32,28,7,2,62,100,62.0,Pass,C
S1738,75,32,28,7,2,60,100,60.0,Pass,C
S1739,100,39,34,9,3,84,100,84.0,Pass,A
S1740,82,28,40,7,3,68,100,68.0,Pass,C
S1741,83,40,36,8,2,72,100,72.0,Pass,B
S1742,77,27,29,7,2,52,100,52.0,Pass,D
S1743,85,31,38,9,3,67,100,67.0,Pass,C
S1744,88,35,33,7,4,72,100,72.0,Pass,B
S1745,87,33,34,9,3,75,100,75.0,Pass,B
S1746,83,34,28,6,2,55,100,55.0,Pass,D
S1747,78,33,22,7,3,59,100,59.0,Pass,D
S1748,88,30,37,8,3,65,100,65.0,Pass,C
S1749,82,28,28,6,3,53,100,53.0,Pass,D
S1750,74,21,35,7,2,49,100,49.0,Pass,F
S1751,78,24,30,6,3,52,100,52.0,Pass,D
S1752,81,32,36,7,2,74,100,74.0,Pass,B
S1753,81,29,28,7,3,59,100,59.0,Pass,D
S1754,63,22,27,6,2,44,100,44.0,Pass,F
S1755,88,32,39,9,3,78,100,78.0,Pass,B
S1756,86,35,34,8,3,67,100,67.0,Pass,C
S1757,80,30,31,6,2,50,100,50.0,Pass,D
S1758,87,34,24,8,2,65,100,65.0,Pass,C
S1759,85,32,30,8,3,60,100,60.0,Pass,C
S1760,82,32,32,8,3,62,100,62.0,Pass,C
S1761,82,36,38,9,3,81,100,81.0,Pass,A
S1762,81,26,35,6,3,54,100,54.0,Pass,D
S1763,87,39,29,8,3,73,100,73.0,Pass,B
S1764,84,25,31,8,3,60,100,60.0,Pass,C
S1765,91,27,36,7,3,58,100,58.0,Pass,D
S1766,84,36,34,9,2,66,100,66.0,Pass,C
S1767,81,25,26,6,3,53,100,53.0,Pass,D
S1768,89,39,34,8,2,68,100,68.0,Pass,C
S1769,84,33,35,7,3,64,100,64.0,Pass,C
S1770,81,30,36,8,3,63,100,63.0,Pass,C
S1771,78,27,30,6,3,63,100,63.0,Pass,C
S1772,93,40,27,8,4,73,100,73.0,Pass,B
S1773,91,29,35,8,2,62,100,62.0,Pass,C
S1774,86,40,33,8,3,72,100,72.0,Pass,B
S1775,78,28,32,7,3,59,100,59.0,Pass,D
S1776,100,40,40,9,4,87,100,87.0,Pass,A
S1777,97,40,30,9,4,75,100,75.0,Pass,B
S1778,94,32,37,7,2,61,100,61.0,Pass,C
S1779,88,39,36,7,3,76,100,76.0,Pass,B
S1780,83,34,30,6,3,59,100,59.0,Pass,D
S1781,91,36,35,8,3,78,100,78.0,Pass,B
S1782,87,34,35,8,2,73,100,73.0,Pass,B
S1783,87,21,40,8,3,62,100,62.0,Pass,C
S1784,82,30,34,8,3,52,100,52.0,Pass,D
S1785,85,24,27,5,2,51,100,51.0,Pass,D
S1786,80,28,21,6,3,48,100,48.0,Pass,F
S1787,92,32,39,8,3,76,100,76.0,Pass,B
S1788,83,23,34,7,3,55,100,55.0,Pass,D
S1789,100,38,26,7,3,70,100,70.0,Pass,B
S1790,81,30,25,7,3,64,100,64.0,Pass,C
S1791,86,32,37,7,2,65,100,65.0,Pass,C
S1792,99,30,36,7,3,73,100,73.0,Pass,B
S1793,78,23,35,8,3,63,100,63.0,Pass,C
S1794,94,40,24,7,3,68,100,68.0,Pass,C
S1795,77,36,31,8,3,67,100,67.0,Pass,C
S1796,86,38,29,8,3,76,100,76.0,Pass,B
S1797,84,36,35,8,3,75,100,75.0,Pass,B
S1798,84,38,26,8,2,57,100,57.0,Pass,D
S1799,97,40,36,9,3,81,100,81.0,Pass,A
S1800,96,28,34,7,3,76,100,76.0,Pass,B
S1801,91,28,35,7,3,69,100,69.0,Pass,C
S1802,84,35,38,9,3,73,100,73.0,Pass,B
S1803,72,31,34,8,2,61,100,61.0,Pass,C
S1804,91,34,30,7,3,69,100,69.0,Pass,C
S1805,85,33,28,8,3,59,100,59.0,Pass,D
S1806,79,34,28,8,2,54,100,54.0,Pass,D
S1807,87,27,23,6,3,55,100,55.0,Pass,D
S1808,87,31,40,7,4,78,100,78.0,Pass,B
S1809,84,28,40,7,2,60,100,60.0,Pass,C
S1810,89,38,36,9,3,76,100,76.0,Pass,B
S1811,100,36,38,8,3,77,100,77.0,Pass,B
S1812,82,33,29,6,3,68,100,68.0,Pass,C
S1813,94,34,31,8,2,66,100,66.0,Pass,C
S1814,100,39,35,9,3,83,100,83.0,Pass,A
S1815,89,40,32,8,3,75,100,75.0,Pass,B
S1816,87,34,34,8,4,72,100,72.0,Pass,B
S1817,94,28,34,8,2,62,100,62.0,Pass,C
S1818,86,26,36,7,3,62,100,62.0,Pass,C
S1819,88,28,33,7,4,65,100,65.0,Pass,C
S1820,74,32,24,6,3,57,100,57.0,Pass,D
S1821,84,31,32,8,3,71,100,71.0,Pass,B
S1822,97,33,31,8,4,68,100,68.0,Pass,C
S1823,86,31,31,8,4,67,100,67.0,Pass,C
S1824,100,39,39,9,3,86,100,86.0,Pass,A
S1825,86,32,34,7,2,59,100,59.0,Pass,D
S1826,92,37,34,9,2,75,100,75.0,Pass,B
S1827,79,32,31,7,3,62,100,62.0,Pass,C
S1828,84,32,37,8,3,70,100,70.0,Pass,B
S1829,82,34,29,7,3,66,100,66.0,Pass,C
S1830,86,32,33,7,3,67,100,67.0,Pass,C
S1831,91,35,34,8,3,77,100,77.0,Pass,B
S1832,81,30,32,8,3,64,100,64.0,Pass,C
S1833,76,26,26,6,3,50,100,50.0,Pass,D
S1834,85,27,23,5,2,42,100,42.0,Pass,F
S1835,91,33,30,8,4,70,100,70.0,Pass,B
S1836,97,39,31,8,3,78,100,78.0,Pass,B
S1837,76,23,26,5,3,42,100,42.0,Pass,F
S1838,70,31,37,9,2,65,100,65.0,Pass,C
S1839,81,32,29,6,2,60,100,60.0,Pass,C
S1840,96,40,37,8,3,84,100,84.0,Pass,A
S1841,76,29,29,7,3,49,100,49.0,Pass,F
S1842,81,33,32,8,3,52,100,52.0,Pass,D
S1843,98,32,40,8,4,83,100,83.0,Pass,A
S1844,83,34,33,9,2,69,100,69.0,Pass,C
S1845,85,35,31,8,3,68,100,68.0,Pass,C
S1846,87,40,29,8,2,63,100,63.0,Pass,C
S1847,91,34,33,8,3,74,100,74.0,Pass,B
S1848,84,30,40,8,3,67,100,67.0,Pass,C
S1849,70,28,29,7,3,61,100,61.0,Pass,C
S1850,84,32,32,8,2,61,100,61.0,Pass,C
S1851,88,33,27,7,3,62,100,62.0,Pass,C
S1852,62,22,22,5,3,36,100,36.0,Fail,F
S1853,95,34,40,9,3,63,100,63.0,Pass,C
S1854,83,36,28,8,2,67,100,67.0,Pass,C
S1855,72,26,28,7,2,42,100,42.0,Pass,F
S1856,81,31,37,7,3,57,100,57.0,Pass,D
S1857,99,40,37,9,3,81,100,81.0,Pass,A
S1858,91,34,34,7,3,60,100,60.0,Pass,C
S1859,86,27,34,8,3,66,100,66.0,Pass,C
S1860,84,38,34,7,3,71,100,71.0,Pass,B
S1861,67,22,27,5,3,41,100,41.0,Pass,F
S1862,85,28,34,7,2,47,100,47.0,Pass,F
S1863,93,37,39,9,2,79,100,79.0,Pass,B
S1864,78,26,26,5,1,48,100,48.0,Pass,F
S1865,90,29,35,8,4,71,100,71.0,Pass,B
S1866,79,27,32,7,3,62,100,62.0,Pass,C
S1867,90,36,32,6,3,69,100,69.0,Pass,C
S1868,74,29,26,6,2,42,100,42.0,Pass,F
S1869,88,32,31,7,3,64,100,64.0,Pass,C
S1870,74,37,27,8,2,59,100,59.0,Pass,D
S1871,72,31,29,8,2,53,100,53.0,Pass,D
S1872,81,30,33,7,3,58,100,58.0,Pass,D
S1873,83,28,33,8,3,61,100,61.0,Pass,C
S1874,86,33,38,7,4,82,100,82.0,Pass,A
S1875,77,31,32,8,2,62,100,62.0,Pass,C
S1876,81,25,37,9,3,72,100,72.0,Pass,B
S1877,84,37,29,7,3,56,100,56.0,Pass,D
S1878,94,36,35,8,2,68,100,68.0,Pass,C
S1879,94,36,36,8,3,81,100,81.0,Pass,A
S1880,86,35,38,8,2,73,100,73.0,Pass,B
S1881,97,36,38,8,2,79,100,79.0,Pass,B
S1882,84,27,23,7,2,51,100,51.0,Pass,D
S1883,100,40,38,8,4,88,100,88.0,Pass,A
S1884,96,40,33,9,3,71,100,71.0,Pass,B
S1885,82,28,20,5,2,46,100,46.0,Pass,F
S1886,80,30,29,7,3,62,100,62.0,Pass,C
S1887,83,26,29,6,3,51,100,51.0,Pass,D
S1888,94,40,33,8,3,77,100,77.0,Pass,B
S1889,79,29,33,8,2,52,100,52.0,Pass,D
S1890,90,36,39,9,3,73,100,73.0,Pass,B
S1891,87,31,30,8,4,73,100,73.0,Pass,B
S1892,96,38,34,8,3,74,100,74.0,Pass,B
S1893,77,31,29,6,3,57,100,57.0,Pass,D
S1894,82,37,33,9,3,65,100,65.0,Pass,C
S1895,79,25,31,7,3,48,100,48.0,Pass,F
S1896,94,30,32,7,2,65,100,65.0,Pass,C
S1897,100,39,38,8,4,82,100,82.0,Pass,A
S1898,90,33,38,8,2,73,100,73.0,Pass,B
S1899,92,33,30,7,3,60,100,60.0,Pass,C
S1900,80,28,32,8,3,62,100,62.0,Pass,C
S1901,95,36,30,8,3,76,100,76.0,Pass,B
S1902,78,27,33,7,2,51,100,51.0,Pass,D
S1903,85,28,38,8,3,68,100,68.0,Pass,C
S1904,80,30,35,7,3,63,100,63.0,Pass,C
S1905,83,21,29,6,2,54,100,54.0,Pass,D
S1906,89,29,35,7,3,78,100,78.0,Pass,B
S1907,96,37,31,7,4,71,100,71.0,Pass,B
S1908,76,32,35,9,2,69,100,69.0,Pass,C
S1909,79,29,37,8,3,61,100,61.0,Pass,C
S1910,87,31,29,7,2,53,100,53.0,Pass,D
S1911,84,28,32,8,3,67,100,67.0,Pass,C
S1912,88,34,33,8,2,69,100,69.0,Pass,C
S1913,79,29,35,8,3,59,100,59.0,Pass,D
S1914,81,25,26,6,3,48,100,48.0,Pass,F
S1915,77,34,35,9,4,72,100,72.0,Pass,B
S1916,89,39,34,8,3,80,100,80.0,Pass,A
S1917,81,37,36,10,3,76,100,76.0,Pass,B
S1918,90,37,29,8,4,72,100,72.0,Pass,B
S1919,91,34,32,8,3,71,100,71.0,Pass,B
S1920,87,34,31,7,3,63,100,63.0,Pass,C
S1921,95,31,31,7,3,63,100,63.0,Pass,C
S1922,91,25,34,6,4,69,100,69.0,Pass,C
S1923,96,32,40,9,4,74,100,74.0,Pass,B
S1924,79,19,30,7,2,43,100,43.0,Pass,F
S1925,93,34,29,8,2,69,100,69.0,Pass,C
S1926,88,33,36,8,2,66,100,66.0,Pass,C
S1927,84,39,39,9,4,77,100,77.0,Pass,B
S1928,99,36,38,9,3,87,100,87.0,Pass,A
S1929,79,23,31,7,3,57,100,57.0,Pass,D
S1930,85,30,32,7,3,63,100,63.0,Pass,C
S1931,87,32,21,6,2,55,100,55.0,Pass,D
S1932,83,35,33,8,3,66,100,66.0,Pass,C
S1933,92,36,30,8,3,72,100,72.0,Pass,B
S1934,98,40,36,8,4,90,100,90.0,Pass,A+
S1935,94,36,30,7,3,68,100,68.0,Pass,C
S1936,76,31,30,8,4,56,100,56.0,Pass,D
S1937,79,26,27,6,3,44,100,44.0,Pass,F
S1938,93,35,40,8,3,75,100,75.0,Pass,B
S1939,78,32,32,7,3,65,100,65.0,Pass,C
S1940,84,35,31,8,2,62,100,62.0,Pass,C
S1941,77,26,24,7,2,45,100,45.0,Pass,F
S1942,69,31,28,7,3,54,100,54.0,Pass,D
S1943,71,31,33,8,3,59,100,59.0,Pass,D
S1944,79,30,34,7,3,65,100,65.0,Pass,C
S1945,90,32,27,7,2,54,100,54.0,Pass,D
S1946,86,33,30,8,3,68,100,68.0,Pass,C
S1947,87,31,33,9,3,68,100,68.0,Pass,C
S1948,88,35,35,9,3,76,100,76.0,Pass,B
S1949,84,29,33,8,2,66,100,66.0,Pass,C
S1950,94,31,40,8,3,70,100,70.0,Pass,B
S1951,86,26,35,6,3,58,100,58.0,Pass,D
S1952,86,38,33,8,4,83,100,83.0,Pass,A
S1953,98,35,33,8,3,77,100,77.0,Pass,B
S1954,82,35,31,7,3,71,100,71.0,Pass,B
S1955,87,23,35,7,3,56,100,56.0,Pass,D
S1956,87,34,34,8,2,63,100,63.0,Pass,C
S1957,96,34,26,8,3,65,100,65.0,Pass,C
S1958,94,34,32,6,3,75,100,75.0,Pass,B
S1959,76,40,21,7,3,55,100,55.0,Pass,D
S1960,78,18,30,6,3,49,100,49.0,Pass,F
S1961,86,40,35,7,3,73,100,73.0,Pass,B
S1962,86,36,21,7,2,61,100,61.0,Pass,C
S1963,100,29,40,8,2,82,100,82.0,Pass,A
S1964,90,38,40,8,3,82,100,82.0,Pass,A
S1965,85,35,34,8,3,68,100,68.0,Pass,C
S1966,90,35,36,7,4,78,100,78.0,Pass,B
S1967,74,26,30,6,2,50,100,50.0,Pass,D
S1968,88,28,32,6,3,53,100,53.0,Pass,D
S1969,90,30,35,7,3,68,100,68.0,Pass,C
S1970,68,25,28,6,2,45,100,45.0,Pass,F
S1971,78,36,26,7,3,60,100,60.0,Pass,C
S1972,84,30,36,8,3,67,100,67.0,Pass,C
S1973,77,32,26,6,2,52,100,52.0,Pass,D
S1974,84,39,29,8,2,64,100,64.0,Pass,C
S1975,85,32,38,10,3,68,100,68.0,Pass,C
S1976,74,29,31,8,2,56,100,56.0,Pass,D
S1977,85,34,25,6,2,60,100,60.0,Pass,C
S1978,89,36,35,9,3,69,100,69.0,Pass,C
S1979,97,35,40,8,2,71,100,71.0,Pass,B
S1980,73,33,30,7,3,58,100,58.0,Pass,D
S1981,77,31,36,8,2,63,100,63.0,Pass,C
S1982,89,32,34,7,3,59,100,59.0,Pass,D
S1983,100,33,34,8,3,70,100,70.0,Pass,B
S1984,81,36,35,9,2,79,100,79.0,Pass,B
S1985,86,33,34,8,4,74,100,74.0,Pass,B
S1986,81,32,33,8,3,62,100,62.0,Pass,C
S1987,68,26,25,5,2,46,100,46.0,Pass,F
S1988,77,29,36,7,4,63,100,63.0,Pass,C
S1989,91,29,40,8,2,71,100,71.0,Pass,B
S1990,83,30,24,7,3,54,100,54.0,Pass,D
S1991,82,35,29,8,3,71,100,71.0,Pass,B
S1992,84,29,28,7,3,65,100,65.0,Pass,C
S1993,81,30,28,6,1,52,100,52.0,Pass,D
S1994,72,23,28,7,2,41,100,41.0,Pass,F
S1995,75,30,27,7,2,51,100,51.0,Pass,D
S1996,83,32,38,8,3,66,100,66.0,Pass,C
S1997,82,32,31,8,3,71,100,71.0,Pass,B
S1998,72,27,23,6,2,43,100,43.0,Pass,F
S1999,90,30,33,7,3,70,100,70.0,Pass,B
S2000,92,37,33,8,2,70,100,70.0,Pass,B
S2001,92,35,32,8,3,77,100,77.0,Pass,B
S2002,86,33,35,9,2,66,100,66.0,Pass,C
S2003,94,40,40,10,3,84,100,84.0,Pass,A
S2004,82,21,26,6,2,44,100,44.0,Pass,F
S2005,75,28,30,8,3,55,100,55.0,Pass,D
S2006,77,37,37,9,3,66,100,66.0,Pass,C
S2007,100,40,40,8,3,100,100,100.0,Pass,A+
S2008,81,31,32,8,3,59,100,59.0,Pass,D
S2009,76,29,34,8,3,61,100,61.0,Pass,C
S2010,85,28,33,8,3,67,100,67.0,Pass,C
S2011,94,33,33,9,3,70,100,70.0,Pass,B
S2012,89,40,29,8,3,68,100,68.0,Pass,C
S2013,85,31,33,6,3,67,100,67.0,Pass,C
S2014,92,34,27,6,2,58,100,58.0,Pass,D
S2015,85,30,35,8,3,67,100,67.0,Pass,C
S2016,76,26,21,7,2,48,100,48.0,Pass,F
S2017,78,36,28,8,3,63,100,63.0,Pass,C
S2018,91,31,35,7,3,71,100,71.0,Pass,B
S2019,74,38,28,8,4,65,100,65.0,Pass,C
S2020,81,25,30,7,3,58,100,58.0,Pass,D
S2021,90,30,39,8,3,72,100,72.0,Pass,B
S2022,80,32,35,8,2,53,100,53.0,Pass,D
S2023,94,38,32,8,3,73,100,73.0,Pass,B
S2024,80,29,32,5,3,50,100,50.0,Pass,D
S2025,79,30,26,7,3,53,100,53.0,Pass,D
S2026,96,37,32,8,2,76,100,76.0,Pass,B
S2027,74,30,27,7,2,43,100,43.0,Pass,F
S2028,65,23,25,6,2,38,100,38.0,Fail,F
S2029,78,34,33,7,3,70,100,70.0,Pass,B
S2030,85,33,34,8,4,72,100,72.0,Pass,B
S2031,85,27,28,6,2,53,100,53.0,Pass,D
S2032,92,34,38,8,2,74,100,74.0,Pass,B
S2033,85,35,40,9,4,86,100,86.0,Pass,A
S2034,76,27,32,7,3,57,100,57.0,Pass,D
S2035,82,28,40,7,3,69,100,69.0,Pass,C
S2036,77,35,27,7,3,67,100,67.0,Pass,C
S2037,79,37,30,8,3,67,100,67.0,Pass,C
S2038,91,39,31,8,3,82,100,82.0,Pass,A
S2039,85,32,28,7,3,58,100,58.0,Pass,D
S2040,86,33,39,8,3,77,100,77.0,Pass,B
S2041,98,40,30,7,3,73,100,73.0,Pass,B
S2042,87,31,33,8,3,64,100,64.0,Pass,C
S2043,76,21,29,5,3,41,100,41.0,Pass,F
S2044,79,39,29,8,3,63,100,63.0,Pass,C
S2045,85,30,32,7,4,62,100,62.0,Pass,C
S2046,73,29,28,6,2,50,100,50.0,Pass,D
S2047,94,34,33,6,3,70,100,70.0,Pass,B
S2048,79,31,27,8,3,68,100,68.0,Pass,C
S2049,75,28,26,5,3,51,100,51.0,Pass,D
S2050,86,39,26,7,3,63,100,63.0,Pass,C
S2051,99,33,33,7,2,69,100,69.0,Pass,C
S2052,89,31,38,9,2,69,100,69.0,Pass,C
S2053,94,37,35,8,3,82,100,82.0,Pass,A
S2054,86,30,30,8,3,58,100,58.0,Pass,D
S2055,82,35,29,7,3,66,100,66.0,Pass,C
S2056,84,22,34,6,3,52,100,52.0,Pass,D
S2057,87,39,28,8,3,82,100,82.0,Pass,A
S2058,90,36,35,8,3,76,100,76.0,Pass,B
S2059,77,25,28,6,2,42,100,42.0,Pass,F
S2060,80,34,33,7,3,63,100,63.0,Pass,C
S2061,93,35,36,9,3,81,100,81.0,Pass,A
S2062,99,36,40,9,2,85,100,85.0,Pass,A
S2063,99,40,40,9,4,94,100,94.0,Pass,A+
S2064,100,32,35,8,3,75,100,75.0,Pass,B
S2065,96,32,40,8,3,76,100,76.0,Pass,B
S2066,68,22,26,5,1,39,100,39.0,Fail,F
S2067,94,30,40,7,3,68,100,68.0,Pass,C
S2068,78,34,30,7,3,65,100,65.0,Pass,C
S2069,90,27,21,6,3,51,100,51.0,Pass,D
S2070,77,30,33,7,3,60,100,60.0,Pass,C
S2071,88,24,37,6,2,56,100,56.0,Pass,D
S2072,89,37,39,10,3,89,100,89.0,Pass,A
S2073,91,30,36,9,3,73,100,73.0,Pass,B
S2074,74,25,28,6,3,38,100,38.0,Fail,F
S2075,90,39,33,8,3,71,100,71.0,Pass,B
S2076,89,36,39,9,3,85,100,85.0,Pass,A
S2077,78,29,23,7,2,53,100,53.0,Pass,D
S2078,100,32,37,7,3,78,100,78.0,Pass,B
S2079,88,35,36,8,4,83,100,83.0,Pass,A
S2080,80,35,33,6,4,58,100,58.0,Pass,D
S2081,83,25,29,6,3,58,100,58.0,Pass,D
S2082,91,37,40,10,4,86,100,86.0,Pass,A
S2083,76,32,23,6,2,49,100,49.0,Pass,F
S2084,74,36,29,7,2,54,100,54.0,Pass,D
S2085,88,30,33,7,3,67,100,67.0,Pass,C
S2086,76,30,30,7,3,48,100,48.0,Pass,F
S2087,100,37,40,10,3,86,100,86.0,Pass,A
S2088,92,30,29,9,3,65,100,65.0,Pass,C
S2089,93,32,35,6,2,66,100,66.0,Pass,C
S2090,94,36,38,7,3,79,100,79.0,Pass,B
S2091,86,32,32,7,2,61,100,61.0,Pass,C
S2092,78,29,34,8,3,64,100,64.0,Pass,C
S2093,80,34,25,6,3,56,100,56.0,Pass,D
S2094,92,36,33,7,3,72,100,72.0,Pass,B
S2095,80,25,39,7,3,61,100,61.0,Pass,C
S2096,75,28,24,5,2,37,100,37.0,Fail,F
S2097,92,40,40,8,2,75,100,75.0,Pass,B
S2098,98,39,33,7,3,78,100,78.0,Pass,B
S2099,75,27,25,6,4,45,100,45.0,Pass,F
S2100,90,32,32,7,3,63,100,63.0,Pass,C
S2101,87,29,26,7,3,50,100,50.0,Pass,D
S2102,91,37,29,7,3,71,100,71.0,Pass,B
S2103,87,36,30,9,3,70,100,70.0,Pass,B
S2104,89,34,39,9,3,73,100,73.0,Pass,B
S2105,87,32,32,8,2,64,100,64.0,Pass,C
S2106,95,38,40,10,3,81,100,81.0,Pass,A
S2107,89,29,38,9,3,75,100,75.0,Pass,B
S2108,82,33,25,6,4,59,100,59.0,Pass,D
S2109,69,27,25,6,2,42,100,42.0,Pass,F
S2110,88,36,34,8,3,76,100,76.0,Pass,B
S2111,81,24,30,6,3,54,100,54.0,Pass,D
S2112,78,33,30,7,3,66,100,66.0,Pass,C
S2113,80,32,29,8,3,53,100,53.0,Pass,D
S2114,89,32,39,8,3,72,100,72.0,Pass,B
S2115,98,37,33,8,4,74,100,74.0,Pass,B
S2116,97,30,32,8,3,63,100,63.0,Pass,C
S2117,99,37,40,8,3,79,100,79.0,Pass,B
S2118,88,40,34,8,3,68,100,68.0,Pass,C
S2119,81,35,28,8,2,58,100,58.0,Pass,D
S2120,82,31,33,7,3,66,100,66.0,Pass,C
S2121,83,29,32,6,3,55,100,55.0,Pass,D
S2122,90,29,34,8,2,66,100,66.0,Pass,C
S2123,84,37,32,8,2,61,100,61.0,Pass,C
S2124,85,27,40,7,3,66,100,66.0,Pass,C
S2125,87,32,39,8,3,70,100,70.0,Pass,B
S2126,85,33,35,9,4,81,100,81.0,Pass,A
S2127,71,22,33,7,2,40,100,40.0,Pass,F
S2128,89,38,31,7,3,61,100,61.0,Pass,C
S2129,92,36,31,8,3,65,100,65.0,Pass,C
S2130,89,33,39,8,3,70,100,70.0,Pass,B
S2131,86,27,22,7,2,51,100,51.0,Pass,D
S2132,71,28,26,6,3,49,100,49.0,Pass,F
S2133,100,37,35,9,3,79,100,79.0,Pass,B
S2134,76,33,30,6,2,55,100,55.0,Pass,D
S2135,81,39,29,8,3,72,100,72.0,Pass,B
S2136,82,27,39,7,4,77,100,77.0,Pass,B
S2137,95,34,34,8,4,76,100,76.0,Pass,B
S2138,85,32,39,8,2,66,100,66.0,Pass,C
S2139,84,30,21,7,2,53,100,53.0,Pass,D
S2140,83,32,34,8,3,63,100,63.0,Pass,C
S2141,83,28,27,6,3,55,100,55.0,Pass,D
S2142,88,36,30,8,3,60,100,60.0,Pass,C
S2143,86,37,29,8,3,69,100,69.0,Pass,C
S2144,85,33,24,8,3,67,100,67.0,Pass,C
S2145,97,34,40,8,4,86,100,86.0,Pass,A
S2146,84,31,39,8,3,69,100,69.0,Pass,C
S2147,100,33,30,8,3,68,100,68.0,Pass,C
S2148,78,29,36,8,3,68,100,68.0,Pass,C
S2149,78,31,35,9,3,66,100,66.0,Pass,C
S2150,100,40,39,9,3,89,100,89.0,Pass,A
S2151,85,30,28,7,3,63,100,63.0,Pass,C
S2152,93,31,35,8,3,68,100,68.0,Pass,C
S2153,76,34,37,8,3,65,100,65.0,Pass,C
S2154,86,33,34,8,2,60,100,60.0,Pass,C
S2155,83,40,30,8,3,69,100,69.0,Pass,C
S2156,84,32,32,8,3,72,100,72.0,Pass,B
S2157,93,40,35,8,2,76,100,76.0,Pass,B
S2158,85,39,30,8,3,61,100,61.0,Pass,C
S2159,86,32,31,8,3,68,100,68.0,Pass,C
S2160,92,30,35,7,3,76,100,76.0,Pass,B
S2161,86,34,40,9,2,78,100,78.0,Pass,B
S2162,100,40,37,8,4,82,100,82.0,Pass,A
S2163,92,37,31,8,2,67,100,67.0,Pass,C
S2164,84,28,31,7,2,53,100,53.0,Pass,D
S2165,93,32,40,9,3,75,100,75.0,Pass,B
S2166,93,31,31,7,3,67,100,67.0,Pass,C
S2167,84,36,32,8,2,69,100,69.0,Pass,C
S2168,85,27,32,7,3,65,100,65.0,Pass,C
S2169,94,37,36,8,3,74,100,74.0,Pass,B
S2170,84,27,29,6,2,53,100,53.0,Pass,D
S2171,76,28,26,6,2,48,100,48.0,Pass,F
S2172,85,27,32,7,2,52,100,52.0,Pass,D
S2173,81,28,31,7,3,60,100,60.0,Pass,C
S2174,95,34,40,7,4,81,100,81.0,Pass,A
S2175,93,33,37,7,3,76,100,76.0,Pass,B
S2176,88,40,40,10,3,90,100,90.0,Pass,A+
S2177,73,23,26,6,2,41,100,41.0,Pass,F
S2178,82,35,33,9,3,72,100,72.0,Pass,B
S2179,86,36,35,7,3,66,100,66.0,Pass,C
S2180,83,37,38,8,4,82,100,82.0,Pass,A
S2181,86,32,29,6,2,59,100,59.0,Pass,D
S2182,73,30,23,7,3,49,100,49.0,Pass,F
S2183,100,40,28,7,3,83,100,83.0,Pass,A
S2184,95,36,40,10,3,81,100,81.0,Pass,A
S2185,84,31,30,6,3,66,100,66.0,Pass,C
S2186,100,37,38,7,3,75,100,75.0,Pass,B
S2187,78,32,34,8,3,65,100,65.0,Pass,C
S2188,90,36,29,8,2,69,100,69.0,Pass,C
S2189,83,36,22,8,3,51,100,51.0,Pass,D
S2190,97,34,34,8,3,71,100,71.0,Pass,B
S2191,91,34,28,9,2,65,100,65.0,Pass,C
S2192,97,40,33,9,2,70,100,70.0,Pass,B
S2193,87,25,40,7,3,66,100,66.0,Pass,C
S2194,68,21,26,5,1,26,100,26.0,Fail,F
S2195,85,33,35,9,3,72,100,72.0,Pass,B
S2196,87,37,33,8,4,76,100,76.0,Pass,B
S2197,81,32,35,8,3,72,100,72.0,Pass,B
S2198,78,36,33,9,3,54,100,54.0,Pass,D
S2199,95,34,34,8,2,68,100,68.0,Pass,C
S2200,94,32,39,8,3,74,100,74.0,Pass,B
S2201,77,28,26,7,3,43,100,43.0,Pass,F
S2202,73,30,28,6,3,54,100,54.0,Pass,D
S2203,91,36,37,8,3,68,100,68.0,Pass,C
S2204,82,26,28,5,2,43,100,43.0,Pass,F
S2205,70,19,21,6,2,32,100,32.0,Fail,F
S2206,73,30,35,7,3,60,100,60.0,Pass,C
S2207,85,39,24,8,3,66,100,66.0,Pass,C
S2208,93,35,32,9,3,72,100,72.0,Pass,B
S2209,73,33,35,7,3,61,100,61.0,Pass,C
S2210,86,32,27,6,2,56,100,56.0,Pass,D
S2211,100,33,39,8,3,77,100,77.0,Pass,B
S2212,69,33,26,8,3,62,100,62.0,Pass,C
S2213,75,29,26,6,2,48,100,48.0,Pass,F
S2214,78,26,27,6,3,51,100,51.0,Pass,D
S2215,75,26,31,7,2,46,100,46.0,Pass,F
S2216,100,40,36,8,3,91,100,91.0,Pass,A+
S2217,83,27,34,7,2,58,100,58.0,Pass,D
S2218,84,27,34,8,2,58,100,58.0,Pass,D
S2219,86,29,35,8,3,67,100,67.0,Pass,C
S2220,60,23,34,8,2,48,100,48.0,Pass,F
S2221,77,27,28,8,3,50,100,50.0,Pass,D
S2222,97,40,35,9,3,78,100,78.0,Pass,B
S2223,94,37,34,8,3,73,100,73.0,Pass,B
S2224,82,25,29,6,3,52,100,52.0,Pass,D
S2225,77,21,31,8,3,59,100,59.0,Pass,D
S2226,81,37,33,8,3,68,100,68.0,Pass,C
S2227,93,28,31,6,3,62,100,62.0,Pass,C
S2228,87,24,35,7,3,56,100,56.0,Pass,D
S2229,93,34,35,8,3,77,100,77.0,Pass,B
S2230,77,31,39,7,3,62,100,62.0,Pass,C
S2231,84,26,28,6,2,59,100,59.0,Pass,D
S2232,97,37,35,9,3,82,100,82.0,Pass,A
S2233,78,27,38,8,1,56,100,56.0,Pass,D
S2234,72,28,32,7,3,55,100,55.0,Pass,D
S2235,95,38,38,8,3,84,100,84.0,Pass,A
S2236,86,35,31,8,3,66,100,66.0,Pass,C
S2237,87,31,32,8,3,70,100,70.0,Pass,B
S2238,75,29,28,6,2,47,100,47.0,Pass,F
S2239,78,32,26,6,3,55,100,55.0,Pass,D
S2240,83,37,30,7,3,64,100,64.0,Pass,C
S2241,76,30,33,8,3,61,100,61.0,Pass,C
S2242,95,40,37,9,3,76,100,76.0,Pass,B
S2243,99,33,37,9,3,76,100,76.0,Pass,B
S2244,91,38,32,8,2,66,100,66.0,Pass,C
S2245,79,32,36,8,3,66,100,66.0,Pass,C
S2246,88,40,34,9,3,82,100,82.0,Pass,A
S2247,73,27,33,6,3,51,100,51.0,Pass,D
S2248,91,28,29,7,3,62,100,62.0,Pass,C
S2249,88,34,29,6,2,65,100,65.0,Pass,C
S2250,82,29,28,7,2,51,100,51.0,Pass,D
S2251,90,36,34,7,3,69,100,69.0,Pass,C
S2252,81,25,33,6,3,60,100,60.0,Pass,C
S2253,87,32,33,8,2,64,100,64.0,Pass,C
S2254,100,36,37,7,4,88,100,88.0,Pass,A
S2255,99,39,34,8,4,93,100,93.0,Pass,A+
S2256,85,35,24,7,2,59,100,59.0,Pass,D
S2257,81,29,32,8,2,59,100,59.0,Pass,D
S2258,84,30,36,7,3,66,100,66.0,Pass,C
S2259,80,28,31,7,2,58,100,58.0,Pass,D
S2260,83,33,32,8,3,78,100,78.0,Pass,B
S2261,76,31,25,7,2,49,100,49.0,Pass,F
S2262,87,30,25,6,3,54,100,54.0,Pass,D
S2263,88,32,35,7,4,75,100,75.0,Pass,B
S2264,75,32,38,7,3,63,100,63.0,Pass,C
S2265,87,30,38,8,3,67,100,67.0,Pass,C
S2266,85,28,40,7,4,74,100,74.0,Pass,B
S2267,86,34,33,8,2,73,100,73.0,Pass,B
S2268,88,30,40,8,3,86,100,86.0,Pass,A
S2269,89,33,31,8,2,55,100,55.0,Pass,D
S2270,94,34,40,9,4,81,100,81.0,Pass,A
S2271,97,28,40,7,4,77,100,77.0,Pass,B
S2272,93,35,35,8,4,74,100,74.0,Pass,B
S2273,84,35,40,9,3,82,100,82.0,Pass,A
S2274,81,25,36,7,2,61,100,61.0,Pass,C
S2275,88,28,31,8,3,64,100,64.0,Pass,C
S2276,89,30,31,7,2,68,100,68.0,Pass,C
S2277,84,28,29,8,3,66,100,66.0,Pass,C
S2278,99,33,36,9,3,71,100,71.0,Pass,B
S2279,84,30,28,6,3,62,100,62.0,Pass,C
S2280,91,38,36,9,3,80,100,80.0,Pass,A
S2281,87,33,29,7,3,63,100,63.0,Pass,C
S2282,84,27,32,6,2,53,100,53.0,Pass,D
S2283,78,30,33,8,2,62,100,62.0,Pass,C
S2284,81,32,32,7,3,62,100,62.0,Pass,C
S2285,95,34,36,8,3,68,100,68.0,Pass,C
S2286,72,28,25,5,3,43,100,43.0,Pass,F
S2287,87,31,40,7,2,69,100,69.0,Pass,C
S2288,86,34,31,8,3,67,100,67.0,Pass,C
S2289,70,23,24,6,3,37,100,37.0,Fail,F
S2290,77,23,31,6,3,45,100,45.0,Pass,F
S2291,91,33,32,9,3,70,100,70.0,Pass,B
S2292,86,31,36,7,3,69,100,69.0,Pass,C
S2293,93,29,39,8,2,74,100,74.0,Pass,B
S2294,80,28,35,6,3,68,100,68.0,Pass,C
S2295,89,33,40,8,5,85,100,85.0,Pass,A
S2296,83,37,33,8,3,71,100,71.0,Pass,B
S2297,75,28,26,7,3,54,100,54.0,Pass,D
S2298,72,31,29,6,3,54,100,54.0,Pass,D
S2299,90,39,35,9,3,75,100,75.0,Pass,B
S2300,75,33,27,6,2,58,100,58.0,Pass,D
S2301,79,29,31,6,3,56,100,56.0,Pass,D
S2302,86,37,23,7,2,53,100,53.0,Pass,D
S2303,69,30,25,7,2,50,100,50.0,Pass,D
S2304,73,32,29,8,3,48,100,48.0,Pass,F
S2305,75,28,23,7,4,50,100,50.0,Pass,D
S2306,84,36,27,8,2,63,100,63.0,Pass,C
S2307,96,37,34,9,3,76,100,76.0,Pass,B
S2308,88,36,32,7,2,67,100,67.0,Pass,C
S2309,87,30,39,8,3,77,100,77.0,Pass,B
S2310,89,29,36,8,3,66,100,66.0,Pass,C
S2311,100,40,32,10,4,84,100,84.0,Pass,A
S2312,75,27,28,6,2,49,100,49.0,Pass,F
S2313,90,35,34,8,4,78,100,78.0,Pass,B
S2314,86,40,38,9,3,80,100,80.0,Pass,A
S2315,93,36,36,9,3,83,100,83.0,Pass,A
S2316,92,38,32,8,3,74,100,74.0,Pass,B
S2317,94,39,40,9,2,81,100,81.0,Pass,A
S2318,86,33,32,7,3,67,100,67.0,Pass,C
S2319,85,37,29,7,3,75,100,75.0,Pass,B
S2320,85,35,35,7,3,69,100,69.0,Pass,C
S2321,92,38,35,8,4,80,100,80.0,Pass,A
S2322,79,34,33,8,3,65,100,65.0,Pass,C
S2323,87,30,35,9,3,64,100,64.0,Pass,C
S2324,82,34,34,7,3,69,100,69.0,Pass,C
S2325,85,26,37,6,3,51,100,51.0,Pass,D
S2326,85,36,26,6,3,60,100,60.0,Pass,C
S2327,90,35,37,8,3,78,100,78.0,Pass,B
S2328,82,26,27,7,3,49,100,49.0,Pass,F
S2329,82,32,30,8,4,69,100,69.0,Pass,C
S2330,90,33,35,9,2,71,100,71.0,Pass,B
S2331,74,33,32,6,2,58,100,58.0,Pass,D
S2332,89,35,39,9,2,76,100,76.0,Pass,B
S2333,88,31,35,6,3,61,100,61.0,Pass,C
S2334,95,37,36,9,3,81,100,81.0,Pass,A
S2335,86,29,34,7,3,63,100,63.0,Pass,C
S2336,79,35,37,8,2,64,100,64.0,Pass,C
S2337,100,35,35,8,4,82,100,82.0,Pass,A
S2338,94,39,39,8,3,78,100,78.0,Pass,B
S2339,90,29,31,7,3,58,100,58.0,Pass,D
S2340,85,22,37,7,3,58,100,58.0,Pass,D
S2341,93,33,34,8,2,65,100,65.0,Pass,C
S2342,77,33,27,7,3,62,100,62.0,Pass,C
S2343,83,29,26,5,2,52,100,52.0,Pass,D
S2344,83,30,33,9,2,68,100,68.0,Pass,C
S2345,81,27,38,6,3,59,100,59.0,Pass,D
S2346,98,35,40,8,2,69,100,69.0,Pass,C
S2347,82,28,37,7,3,62,100,62.0,Pass,C
S2348,79,30,34,8,2,66,100,66.0,Pass,C
S2349,96,40,37,9,4,85,100,85.0,Pass,A
S2350,88,31,36,8,3,65,100,65.0,Pass,C
S2351,79,25,26,7,3,53,100,53.0,Pass,D
S2352,82,24,33,6,3,55,100,55.0,Pass,D
S2353,93,40,40,8,3,84,100,84.0,Pass,A
S2354,85,37,31,7,3,71,100,71.0,Pass,B
S2355,83,33,36,9,3,68,100,68.0,Pass,C
S2356,84,37,37,9,3,79,100,79.0,Pass,B
S2357,100,32,40,8,3,84,100,84.0,Pass,A
S2358,100,33,40,10,3,81,100,81.0,Pass,A
S2359,85,34,36,10,2,68,100,68.0,Pass,C
S2360,83,37,35,9,3,64,100,64.0,Pass,C
S2361,81,40,32,8,2,63,100,63.0,Pass,C
S2362,72,27,24,6,2,45,100,45.0,Pass,F
S2363,76,36,26,8,3,51,100,51.0,Pass,D
S2364,81,32,31,7,2,55,100,55.0,Pass,D
S2365,82,33,32,8,2,59,100,59.0,Pass,D
S2366,80,33,32,8,3,66,100,66.0,Pass,C
S2367,73,27,32,7,2,56,100,56.0,Pass,D
S2368,100,33,35,8,4,76,100,76.0,Pass,B
S2369,98,37,33,8,2,82,100,82.0,Pass,A
S2370,70,32,29,8,2,46,100,46.0,Pass,F
S2371,100,34,40,8,4,81,100,81.0,Pass,A
S2372,80,37,33,9,3,71,100,71.0,Pass,B
S2373,94,40,40,9,4,89,100,89.0,Pass,A
S2374,99,38,37,8,3,78,100,78.0,Pass,B
S2375,82,33,24,8,2,61,100,61.0,Pass,C
S2376,91,38,37,9,4,79,100,79.0,Pass,B
S2377,100,38,36,9,2,75,100,75.0,Pass,B
S2378,84,30,37,8,3,62,100,62.0,Pass,C
S2379,87,26,40,8,2,68,100,68.0,Pass,C
S2380,62,33,23,6,2,42,100,42.0,Pass,F
S2381,84,26,32,7,3,59,100,59.0,Pass,D
S2382,85,33,33,8,3,74,100,74.0,Pass,B
S2383,87,40,32,8,3,70,100,70.0,Pass,B
S2384,79,29,29,7,2,52,100,52.0,Pass,D
S2385,83,35,36,8,3,71,100,71.0,Pass,B
S2386,88,38,35,8,4,77,100,77.0,Pass,B
S2387,87,38,25,8,2,66,100,66.0,Pass,C
S2388,98,25,35,7,4,68,100,68.0,Pass,C
S2389,67,20,28,6,2,37,100,37.0,Fail,F
S2390,75,30,24,6,3,52,100,52.0,Pass,D
S2391,83,34,30,7,2,68,100,68.0,Pass,C
S2392,100,37,35,9,2,77,100,77.0,Pass,B
S2393,90,29,35,8,2,71,100,71.0,Pass,B
S2394,89,34,32,8,3,66,100,66.0,Pass,C
S2395,75,35,25,7,3,59,100,59.0,Pass,D
S2396,89,36,32,8,3,69,100,69.0,Pass,C
S2397,93,39,40,9,2,77,100,77.0,Pass,B
S2398,87,37,30,7,3,69,100,69.0,Pass,C
S2399,84,33,40,8,3,71,100,71.0,Pass,B
S2400,72,26,24,7,2,39,100,39.0,Fail,F
S2401,78,28,23,6,2,47,100,47.0,Pass,F
S2402,100,37,39,9,4,84,100,84.0,Pass,A
S2403,97,40,40,9,4,90,100,90.0,Pass,A+
S2404,72,25,33,7,2,51,100,51.0,Pass,D
S2405,84,37,31,8,4,67,100,67.0,Pass,C
S2406,78,40,34,9,3,68,100,68.0,Pass,C
S2407,82,31,28,7,3,56,100,56.0,Pass,D
S2408,77,28,33,8,3,56,100,56.0,Pass,D
S2409,95,34,35,7,3,74,100,74.0,Pass,B
S2410,87,37,35,8,3,75,100,75.0,Pass,B
S2411,93,37,40,8,3,80,100,80.0,Pass,A
S2412,88,40,40,8,2,81,100,81.0,Pass,A
S2413,81,29,30,7,2,47,100,47.0,Pass,F
S2414,82,35,31,8,2,61,100,61.0,Pass,C
S2415,80,29,31,7,4,59,100,59.0,Pass,D
S2416,80,29,26,6,2,50,100,50.0,Pass,D
S2417,80,25,38,6,3,61,100,61.0,Pass,C
S2418,93,37,35,10,4,79,100,79.0,Pass,B
S2419,79,33,32,7,4,61,100,61.0,Pass,C
S2420,84,33,30,8,3,68,100,68.0,Pass,C
S2421,93,40,28,9,2,66,100,66.0,Pass,C
S2422,86,37,35,7,3,72,100,72.0,Pass,B
S2423,69,28,31,7,3,54,100,54.0,Pass,D
S2424,76,29,25,6,2,43,100,43.0,Pass,F
S2425,88,34,40,9,4,82,100,82.0,Pass,A
S2426,85,36,36,8,3,75,100,75.0,Pass,B
S2427,82,35,26,7,3,61,100,61.0,Pass,C
S2428,87,19,31,6,3,58,100,58.0,Pass,D
S2429,90,25,32,7,3,66,100,66.0,Pass,C
S2430,89,36,31,8,3,73,100,73.0,Pass,B
S2431,75,35,27,7,3,58,100,58.0,Pass,D
S2432,76,28,31,9,3,62,100,62.0,Pass,C
S2433,94,36,28,8,3,75,100,75.0,Pass,B
S2434,88,29,34,8,3,62,100,62.0,Pass,C
S2435,89,31,30,7,4,66,100,66.0,Pass,C
S2436,80,36,33,10,3,65,100,65.0,Pass,C
S2437,86,33,37,7,4,70,100,70.0,Pass,B
S2438,91,37,40,9,3,78,100,78.0,Pass,B
S2439,80,29,30,7,3,61,100,61.0,Pass,C
S2440,71,33,27,8,2,53,100,53.0,Pass,D
S2441,91,34,31,8,3,63,100,63.0,Pass,C
S2442,81,34,37,8,3,70,100,70.0,Pass,B
S2443,80,31,29,7,3,62,100,62.0,Pass,C
S2444,94,34,37,7,4,78,100,78.0,Pass,B
S2445,81,35,30,8,2,71,100,71.0,Pass,B
S2446,85,28,30,5,3,52,100,52.0,Pass,D
S2447,100,40,34,9,2,82,100,82.0,Pass,A
S2448,76,35,31,7,3,65,100,65.0,Pass,C
S2449,92,32,38,9,3,74,100,74.0,Pass,B
S2450,85,30,39,9,3,73,100,73.0,Pass,B
S2451,82,28,34,6,3,63,100,63.0,Pass,C
S2452,83,31,38,6,3,68,100,68.0,Pass,C
S2453,70,30,26,6,2,47,100,47.0,Pass,F
S2454,83,33,31,8,2,65,100,65.0,Pass,C
S2455,65,23,33,8,2,47,100,47.0,Pass,F
S2456,86,24,38,8,3,60,100,60.0,Pass,C
S2457,85,35,38,8,3,72,100,72.0,Pass,B
S2458,89,35,33,8,3,66,100,66.0,Pass,C
S2459,84,37,32,8,4,71,100,71.0,Pass,B
S2460,86,37,38,8,4,85,100,85.0,Pass,A
S2461,93,31,33,7,2,72,100,72.0,Pass,B
S2462,82,31,26,7,2,43,100,43.0,Pass,F
S2463,76,30,30,7,2,50,100,50.0,Pass,D
S2464,79,25,30,7,3,54,100,54.0,Pass,D
S2465,88,34,40,8,3,77,100,77.0,Pass,B
S2466,78,33,27,8,2,61,100,61.0,Pass,C
S2467,79,35,26,7,2,52,100,52.0,Pass,D
S2468,97,38,37,9,3,84,100,84.0,Pass,A
S2469,77,24,31,7,2,48,100,48.0,Pass,F
S2470,90,37,35,8,3,76,100,76.0,Pass,B
S2471,86,36,28,7,3,65,100,65.0,Pass,C
S2472,82,35,29,7,3,63,100,63.0,Pass,C
S2473,100,31,40,9,3,75,100,75.0,Pass,B
S2474,91,34,38,9,3,73,100,73.0,Pass,B
S2475,86,34,38,8,3,75,100,75.0,Pass,B
S2476,85,38,32,8,3,70,100,70.0,Pass,B
S2477,97,33,40,9,3,80,100,80.0,Pass,A
S2478,91,36,32,8,3,68,100,68.0,Pass,C
S2479,85,40,36,8,3,73,100,73.0,Pass,B
S2480,74,33,30,6,3,57,100,57.0,Pass,D
S2481,80,32,39,8,3,69,100,69.0,Pass,C
S2482,87,37,32,8,3,74,100,74.0,Pass,B
S2483,91,36,33,8,3,62,100,62.0,Pass,C
S2484,92,36,29,7,3,62,100,62.0,Pass,C
S2485,77,28,27,6,2,50,100,50.0,Pass,D
S2486,89,28,33,6,4,60,100,60.0,Pass,C
S2487,75,34,29,8,2,61,100,61.0,Pass,C
S2488,79,31,25,6,3,46,100,46.0,Pass,F
S2489,91,32,32,8,3,64,100,64.0,Pass,C
S2490,79,31,29,7,3,56,100,56.0,Pass,D
S2491,95,37,26,7,3,64,100,64.0,Pass,C
S2492,86,35,26,7,3,63,100,63.0,Pass,C
S2493,76,32,25,6,3,65,100,65.0,Pass,C
S2494,79,28,28,6,3,52,100,52.0,Pass,D
S2495,84,29,27,7,3,60,100,60.0,Pass,C
S2496,77,28,36,7,3,64,100,64.0,Pass,C
S2497,92,31,35,7,3,60,100,60.0,Pass,C
S2498,88,37,39,8,3,69,100,69.0,Pass,C
S2499,88,30,33,8,2,63,100,63.0,Pass,C
S2500,98,36,29,8,3,70,100,70.0,Pass,B
S2501,89,29,36,7,2,60,100,60.0,Pass,C
S2502,88,23,39,9,2,64,100,64.0,Pass,C
S2503,80,32,37,8,3,72,100,72.0,Pass,B
S2504,89,40,40,9,2,80,100,80.0,Pass,A
S2505,83,31,30,7,3,60,100,60.0,Pass,C
S2506,88,35,34,8,5,78,100,78.0,Pass,B
S2507,86,35,36,8,2,78,100,78.0,Pass,B
S2508,86,33,30,8,3,60,100,60.0,Pass,C
S2509,86,25,26,6,3,50,100,50.0,Pass,D
S2510,82,32,34,8,3,73,100,73.0,Pass,B
S2511,77,31,31,7,3,66,100,66.0,Pass,C
S2512,90,34,31,7,2,62,100,62.0,Pass,C
S2513,81,30,34,7,3,56,100,56.0,Pass,D
S2514,91,34,38,9,3,74,100,74.0,Pass,B
S2515,82,26,37,8,3,66,100,66.0,Pass,C
S2516,81,29,36,8,4,78,100,78.0,Pass,B
S2517,89,39,35,7,3,67,100,67.0,Pass,C
S2518,80,28,32,8,2,55,100,55.0,Pass,D
S2519,81,33,30,7,3,62,100,62.0,Pass,C
S2520,90,32,36,7,3,68,100,68.0,Pass,C
S2521,74,30,31,7,3,59,100,59.0,Pass,D
S2522,83,33,34,7,3,58,100,58.0,Pass,D
S2523,82,30,31,6,3,53,100,53.0,Pass,D
S2524,74,29,28,6,3,64,100,64.0,Pass,C
S2525,89,33,29,7,3,70,100,70.0,Pass,B
S2526,92,35,38,8,2,84,100,84.0,Pass,A
S2527,80,20,26,7,1,47,100,47.0,Pass,F
S2528,87,40,32,9,3,75,100,75.0,Pass,B
S2529,85,27,34,9,3,57,100,57.0,Pass,D
S2530,85,35,31,7,3,66,100,66.0,Pass,C
S2531,91,27,36,8,3,71,100,71.0,Pass,B
S2532,90,28,32,6,3,53,100,53.0,Pass,D
S2533,76,30,32,9,3,62,100,62.0,Pass,C
S2534,86,33,32,8,4,67,100,67.0,Pass,C
S2535,84,33,24,6,3,54,100,54.0,Pass,D
S2536,94,32,37,9,3,76,100,76.0,Pass,B
S2537,84,25,26,5,3,42,100,42.0,Pass,F
S2538,85,32,36,8,2,66,100,66.0,Pass,C
S2539,82,32,34,8,2,64,100,64.0,Pass,C
S2540,82,30,32,8,3,59,100,59.0,Pass,D
S2541,63,22,34,6,3,48,100,48.0,Pass,F
S2542,85,37,33,8,3,67,100,67.0,Pass,C
S2543,78,27,32,6,3,58,100,58.0,Pass,D
S2544,81,32,28,7,2,59,100,59.0,Pass,D
S2545,100,40,33,8,3,81,100,81.0,Pass,A
S2546,81,35,38,8,3,77,100,77.0,Pass,B
S2547,94,39,33,9,3,81,100,81.0,Pass,A
S2548,81,27,36,8,2,64,100,64.0,Pass,C
S2549,70,34,27,7,3,57,100,57.0,Pass,D
S2550,80,27,34,8,3,65,100,65.0,Pass,C
S2551,92,33,40,9,4,91,100,91.0,Pass,A+
S2552,82,30,24,7,4,61,100,61.0,Pass,C
S2553,86,27,38,6,2,59,100,59.0,Pass,D
S2554,88,27,40,7,2,70,100,70.0,Pass,B
S2555,87,39,39,9,3,81,100,81.0,Pass,A
S2556,95,36,40,8,2,75,100,75.0,Pass,B
S2557,86,35,37,8,3,80,100,80.0,Pass,A
S2558,92,37,33,9,2,63,100,63.0,Pass,C
S2559,95,40,36,9,4,81,100,81.0,Pass,A
S2560,91,39,34,8,3,83,100,83.0,Pass,A
S2561,72,26,29,6,2,47,100,47.0,Pass,F
S2562,83,32,36,8,3,67,100,67.0,Pass,C
S2563,85,35,32,9,3,64,100,64.0,Pass,C
S2564,52,20,21,5,1,25,100,25.0,Fail,F
S2565,88,27,36,8,2,64,100,64.0,Pass,C
S2566,74,35,28,8,2,56,100,56.0,Pass,D
S2567,99,37,40,9,3,83,100,83.0,Pass,A
S2568,71,25,29,7,3,54,100,54.0,Pass,D
S2569,86,30,29,7,3,61,100,61.0,Pass,C
S2570,62,25,24,7,2,38,100,38.0,Fail,F
S2571,91,30,35,7,2,67,100,67.0,Pass,C
S2572,77,26,26,6,3,49,100,49.0,Pass,F
S2573,87,32,34,8,3,63,100,63.0,Pass,C
S2574,70,27,24,7,3,47,100,47.0,Pass,F
S2575,79,29,30,7,2,54,100,54.0,Pass,D
S2576,93,39,31,7,3,72,100,72.0,Pass,B
S2577,86,33,30,7,4,62,100,62.0,Pass,C
S2578,79,25,26,6,3,47,100,47.0,Pass,F
S2579,90,28,35,7,3,62,100,62.0,Pass,C
S2580,82,24,31,6,3,47,100,47.0,Pass,F
S2581,96,34,40,9,4,81,100,81.0,Pass,A
S2582,91,31,35,8,3,67,100,67.0,Pass,C
S2583,97,40,34,8,3,80,100,80.0,Pass,A
S2584,80,33,33,8,3,67,100,67.0,Pass,C
S2585,100,37,40,9,3,76,100,76.0,Pass,B
S2586,76,34,35,8,2,66,100,66.0,Pass,C
S2587,69,21,24,7,1,36,100,36.0,Fail,F
S2588,98,38,34,7,3,75,100,75.0,Pass,B
S2589,87,39,40,8,3,80,100,80.0,Pass,A
S2590,77,32,27,6,2,63,100,63.0,Pass,C
S2591,100,33,38,7,3,77,100,77.0,Pass,B
S2592,80,38,31,8,3,65,100,65.0,Pass,C
S2593,85,30,30,8,3,63,100,63.0,Pass,C
S2594,89,33,40,9,3,74,100,74.0,Pass,B
S2595,77,29,30,8,3,58,100,58.0,Pass,D
S2596,90,36,29,8,3,76,100,76.0,Pass,B
S2597,78,31,31,6,3,49,100,49.0,Pass,F
S2598,78,29,31,6,2,48,100,48.0,Pass,F
S2599,97,33,40,9,3,78,100,78.0,Pass,B
S2600,97,30,40,8,3,72,100,72.0,Pass,B
S2601,85,31,35,7,3,75,100,75.0,Pass,B
S2602,76,35,37,8,3,67,100,67.0,Pass,C
S2603,69,28,30,6,3,43,100,43.0,Pass,F
S2604,83,26,33,7,3,59,100,59.0,Pass,D
S2605,89,32,35,7,3,74,100,74.0,Pass,B
S2606,86,37,25,8,3,58,100,58.0,Pass,D
S2607,79,33,26,8,2,47,100,47.0,Pass,F
S2608,96,37,38,10,3,82,100,82.0,Pass,A
S2609,90,33,33,8,2,69,100,69.0,Pass,C
S2610,86,28,31,7,3,58,100,58.0,Pass,D
S2611,81,33,33,9,2,67,100,67.0,Pass,C
S2612,77,30,37,8,3,65,100,65.0,Pass,C
S2613,83,30,38,8,2,61,100,61.0,Pass,C
S2614,72,26,21,6,3,34,100,34.0,Fail,F
S2615,97,36,40,8,4,84,100,84.0,Pass,A
S2616,81,29,29,7,3,63,100,63.0,Pass,C
S2617,86,30,36,9,4,72,100,72.0,Pass,B
S2618,70,21,22,7,4,38,100,38.0,Fail,F
S2619,88,40,34,8,3,72,100,72.0,Pass,B
S2620,92,27,37,8,3,73,100,73.0,Pass,B
S2621,100,40,40,9,3,87,100,87.0,Pass,A
S2622,95,40,37,9,2,80,100,80.0,Pass,A
S2623,87,34,31,8,3,72,100,72.0,Pass,B
S2624,81,35,34,8,2,75,100,75.0,Pass,B
S2625,81,30,23,7,2,53,100,53.0,Pass,D
S2626,87,30,31,7,3,64,100,64.0,Pass,C
S2627,79,25,37,7,2,62,100,62.0,Pass,C
S2628,77,27,35,7,3,59,100,59.0,Pass,D
S2629,85,30,39,8,3,70,100,70.0,Pass,B
S2630,82,32,39,7,3,73,100,73.0,Pass,B
S2631,91,34,40,8,4,79,100,79.0,Pass,B
S2632,75,35,35,9,3,74,100,74.0,Pass,B
S2633,78,32,27,7,3,58,100,58.0,Pass,D
S2634,85,32,32,8,3,70,100,70.0,Pass,B
S2635,78,22,30,6,3,51,100,51.0,Pass,D
S2636,82,32,35,7,3,67,100,67.0,Pass,C
S2637,75,29,31,7,4,61,100,61.0,Pass,C
S2638,78,26,27,6,2,50,100,50.0,Pass,D
S2639,94,28,39,7,3,65,100,65.0,Pass,C
S2640,95,32,35,8,3,75,100,75.0,Pass,B
S2641,83,36,33,7,3,63,100,63.0,Pass,C
S2642,95,34,39,8,3,80,100,80.0,Pass,A
S2643,83,31,30,8,2,59,100,59.0,Pass,D
S2644,79,21,35,7,3,50,100,50.0,Pass,D
S2645,95,35,32,8,2,72,100,72.0,Pass,B
S2646,100,40,39,8,2,82,100,82.0,Pass,A
S2647,100,40,40,8,3,88,100,88.0,Pass,A
S2648,100,40,36,9,4,84,100,84.0,Pass,A
S2649,72,29,27,7,2,49,100,49.0,Pass,F
S2650,95,35,40,9,3,87,100,87.0,Pass,A
S2651,93,28,40,7,3,72,100,72.0,Pass,B
S2652,79,32,34,9,3,65,100,65.0,Pass,C
S2653,92,40,36,9,3,83,100,83.0,Pass,A
S2654,90,35,40,8,3,74,100,74.0,Pass,B
S2655,71,29,29,7,3,50,100,50.0,Pass,D
S2656,79,29,39,8,3,60,100,60.0,Pass,C
S2657,76,34,38,8,2,62,100,62.0,Pass,C
S2658,100,37,40,9,3,83,100,83.0,Pass,A
S2659,100,39,39,9,4,88,100,88.0,Pass,A
S2660,96,38,29,8,3,74,100,74.0,Pass,B
S2661,100,32,35,8,4,78,100,78.0,Pass,B
S2662,87,36,29,9,3,58,100,58.0,Pass,D
S2663,88,31,36,8,4,65,100,65.0,Pass,C
S2664,85,26,35,8,3,71,100,71.0,Pass,B
S2665,84,30,30,7,3,57,100,57.0,Pass,D
S2666,92,35,37,10,3,85,100,85.0,Pass,A
S2667,70,23,40,7,2,50,100,50.0,Pass,D
S2668,71,33,37,8,3,66,100,66.0,Pass,C
S2669,82,31,31,8,3,65,100,65.0,Pass,C
S2670,79,27,30,7,2,42,100,42.0,Pass,F
S2671,69,21,31,6,3,42,100,42.0,Pass,F
S2672,98,34,40,7,4,82,100,82.0,Pass,A
S2673,100,40,40,9,3,82,100,82.0,Pass,A
S2674,95,34,27,7,3,63,100,63.0,Pass,C
S2675,84,33,34,7,3,61,100,61.0,Pass,C
S2676,90,32,37,9,3,74,100,74.0,Pass,B
S2677,86,26,31,7,3,56,100,56.0,Pass,D
S2678,83,28,26,7,3,53,100,53.0,Pass,D
S2679,73,26,30,6,3,51,100,51.0,Pass,D
S2680,82,40,38,9,3,80,100,80.0,Pass,A
S2681,88,40,31,8,3,77,100,77.0,Pass,B
S2682,80,32,29,7,4,68,100,68.0,Pass,C
S2683,89,29,31,6,3,67,100,67.0,Pass,C
S2684,90,24,31,7,2,53,100,53.0,Pass,D
S2685,81,27,31,7,2,47,100,47.0,Pass,F
S2686,83,30,33,7,3,63,100,63.0,Pass,C
S2687,72,36,31,8,2,64,100,64.0,Pass,C
S2688,88,28,32,8,2,58,100,58.0,Pass,D
S2689,81,28,29,7,3,62,100,62.0,Pass,C
S2690,81,29,27,6,3,44,100,44.0,Pass,F
S2691,98,34,40,8,3,83,100,83.0,Pass,A
S2692,78,36,30,8,3,63,100,63.0,Pass,C
S2693,97,34,33,8,3,64,100,64.0,Pass,C
S2694,95,37,40,9,3,73,100,73.0,Pass,B
S2695,87,38,30,7,3,61,100,61.0,Pass,C
S2696,91,34,34,8,3,82,100,82.0,Pass,A
S2697,85,30,28,8,3,57,100,57.0,Pass,D
S2698,85,37,29,8,3,77,100,77.0,Pass,B
S2699,100,35,39,8,3,83,100,83.0,Pass,A
S2700,87,30,33,7,2,63,100,63.0,Pass,C
S2701,87,30,33,7,3,69,100,69.0,Pass,C
S2702,81,32,37,8,3,62,100,62.0,Pass,C
S2703,86,38,29,8,3,72,100,72.0,Pass,B
S2704,79,28,29,7,3,59,100,59.0,Pass,D
S2705,81,31,26,6,3,54,100,54.0,Pass,D
S2706,87,37,27,7,3,68,100,68.0,Pass,C
S2707,84,30,27,7,2,52,100,52.0,Pass,D
S2708,83,37,28,8,3,63,100,63.0,Pass,C
S2709,78,33,33,7,3,74,100,74.0,Pass,B
S2710,88,36,34,8,3,74,100,74.0,Pass,B
S2711,85,32,32,8,2,53,100,53.0,Pass,D
S2712,82,28,36,7,2,65,100,65.0,Pass,C
S2713,89,33,27,7,3,64,100,64.0,Pass,C
S2714,85,29,37,8,3,66,100,66.0,Pass,C
S2715,84,32,29,7,3,66,100,66.0,Pass,C
S2716,94,34,31,8,3,70,100,70.0,Pass,B
S2717,94,40,35,8,3,78,100,78.0,Pass,B
S2718,91,35,33,7,3,67,100,67.0,Pass,C
S2719,83,40,40,9,3,80,100,80.0,Pass,A
S2720,81,29,40,9,3,68,100,68.0,Pass,C
S2721,97,37,37,9,4,84,100,84.0,Pass,A
S2722,98,36,35,8,3,69,100,69.0,Pass,C
S2723,99,37,40,9,3,79,100,79.0,Pass,B
S2724,71,26,27,6,2,46,100,46.0,Pass,F
S2725,91,40,30,8,4,74,100,74.0,Pass,B
S2726,77,28,31,7,3,52,100,52.0,Pass,D
S2727,92,28,33,6,3,67,100,67.0,Pass,C
S2728,94,38,37,8,4,84,100,84.0,Pass,A
S2729,78,32,34,8,2,66,100,66.0,Pass,C
S2730,90,40,39,9,2,74,100,74.0,Pass,B
S2731,86,31,28,7,3,63,100,63.0,Pass,C
S2732,86,39,36,9,4,79,100,79.0,Pass,B
S2733,81,37,29,7,2,65,100,65.0,Pass,C
S2734,83,28,37,7,2,58,100,58.0,Pass,D
S2735,82,30,34,8,2,57,100,57.0,Pass,D
S2736,84,31,29,6,3,55,100,55.0,Pass,D
S2737,79,40,28,8,3,67,100,67.0,Pass,C
S2738,81,36,29,8,3,64,100,64.0,Pass,C
S2739,79,29,28,6,3,57,100,57.0,Pass,D
S2740,80,32,35,7,3,65,100,65.0,Pass,C
S2741,72,30,23,7,3,51,100,51.0,Pass,D
S2742,91,35,38,8,2,68,100,68.0,Pass,C
S2743,98,29,36,8,3,76,100,76.0,Pass,B
S2744,85,29,32,8,2,54,100,54.0,Pass,D
S2745,83,23,30,5,3,47,100,47.0,Pass,F
S2746,93,28,27,5,4,51,100,51.0,Pass,D
S2747,98,40,40,8,3,81,100,81.0,Pass,A
S2748,82,30,26,7,3,53,100,53.0,Pass,D
S2749,76,29,27,7,3,62,100,62.0,Pass,C
S2750,89,39,35,8,2,77,100,77.0,Pass,B
S2751,90,34,35,9,3,77,100,77.0,Pass,B
S2752,91,40,39,9,4,88,100,88.0,Pass,A
S2753,76,29,30,7,2,51,100,51.0,Pass,D
S2754,87,35,30,8,3,64,100,64.0,Pass,C
S2755,77,26,29,7,3,51,100,51.0,Pass,D
S2756,88,30,30,8,3,69,100,69.0,Pass,C
S2757,85,36,26,7,4,64,100,64.0,Pass,C
S2758,93,36,38,9,3,75,100,75.0,Pass,B
S2759,90,37,40,9,3,88,100,88.0,Pass,A
S2760,87,38,35,9,3,71,100,71.0,Pass,B
S2761,92,39,39,9,3,77,100,77.0,Pass,B
S2762,90,33,25,7,3,65,100,65.0,Pass,C
S2763,87,38,34,10,2,75,100,75.0,Pass,B
S2764,73,33,40,8,3,64,100,64.0,Pass,C
S2765,89,33,28,8,2,58,100,58.0,Pass,D
S2766,94,30,39,8,4,74,100,74.0,Pass,B
S2767,89,31,31,7,2,64,100,64.0,Pass,C
S2768,89,37,34,9,3,77,100,77.0,Pass,B
S2769,80,32,27,7,2,57,100,57.0,Pass,D
S2770,89,30,34,9,3,66,100,66.0,Pass,C
S2771,80,35,25,7,2,58,100,58.0,Pass,D
S2772,71,29,30,7,3,48,100,48.0,Pass,F
S2773,87,33,25,7,3,54,100,54.0,Pass,D
S2774,98,40,35,9,3,85,100,85.0,Pass,A
S2775,71,26,38,6,3,59,100,59.0,Pass,D
S2776,98,36,38,9,3,80,100,80.0,Pass,A
S2777,87,32,34,7,3,67,100,67.0,Pass,C
S2778,69,30,25,7,3,53,100,53.0,Pass,D
S2779,79,32,33,8,4,71,100,71.0,Pass,B
S2780,90,28,32,7,2,55,100,55.0,Pass,D
S2781,93,37,40,9,2,83,100,83.0,Pass,A
S2782,84,35,37,9,2,72,100,72.0,Pass,B
S2783,80,28,39,8,2,58,100,58.0,Pass,D
S2784,96,40,36,9,3,85,100,85.0,Pass,A
S2785,94,34,34,8,3,78,100,78.0,Pass,B
S2786,81,30,35,8,2,64,100,64.0,Pass,C
S2787,82,27,27,7,3,54,100,54.0,Pass,D
S2788,85,30,28,8,3,61,100,61.0,Pass,C
S2789,85,35,33,8,3,64,100,64.0,Pass,C
S2790,82,31,32,6,3,68,100,68.0,Pass,C
S2791,97,25,34,7,3,59,100,59.0,Pass,D
S2792,92,34,39,9,4,80,100,80.0,Pass,A
S2793,79,26,28,6,2,47,100,47.0,Pass,F
S2794,77,32,30,8,3,65,100,65.0,Pass,C
S2795,79,35,31,8,2,60,100,60.0,Pass,C
S2796,93,35,36,8,3,65,100,65.0,Pass,C
S2797,93,37,35,8,4,73,100,73.0,Pass,B
S2798,72,21,29,6,3,55,100,55.0,Pass,D
S2799,100,38,36,8,3,78,100,78.0,Pass,B
S2800,83,29,40,8,3,62,100,62.0,Pass,C
S2801,90,39,36,8,3,69,100,69.0,Pass,C
S2802,95,39,38,8,3,82,100,82.0,Pass,A
S2803,80,31,34,7,2,63,100,63.0,Pass,C
S2804,85,35,30,8,2,57,100,57.0,Pass,D
S2805,90,35,34,8,3,70,100,70.0,Pass,B
S2806,72,27,33,7,2,45,100,45.0,Pass,F
S2807,81,28,31,6,2,54,100,54.0,Pass,D
S2808,85,39,36,8,2,69,100,69.0,Pass,C
S2809,92,30,40,6,3,69,100,69.0,Pass,C
S2810,87,38,33,7,3,77,100,77.0,Pass,B
S2811,85,32,30,7,3,64,100,64.0,Pass,C
S2812,89,34,32,8,2,70,100,70.0,Pass,B
S2813,90,33,36,7,3,62,100,62.0,Pass,C
S2814,84,29,28,7,3,55,100,55.0,Pass,D
S2815,77,33,36,8,3,75,100,75.0,Pass,B
S2816,70,31,28,8,2,52,100,52.0,Pass,D
S2817,82,32,32,7,2,61,100,61.0,Pass,C
S2818,89,33,35,8,2,75,100,75.0,Pass,B
S2819,76,24,26,6,3,47,100,47.0,Pass,F
S2820,76,23,26,5,3,39,100,39.0,Fail,F
S2821,91,32,35,9,4,72,100,72.0,Pass,B
S2822,93,40,34,8,3,78,100,78.0,Pass,B
S2823,94,40,40,8,3,79,100,79.0,Pass,B
S2824,72,27,26,6,2,47,100,47.0,Pass,F
S2825,84,30,36,7,3,66,100,66.0,Pass,C
S2826,91,25,34,7,4,59,100,59.0,Pass,D
S2827,76,29,36,7,3,66,100,66.0,Pass,C
S2828,77,35,27,8,3,62,100,62.0,Pass,C
S2829,83,28,33,5,4,61,100,61.0,Pass,C
S2830,78,23,32,7,2,60,100,60.0,Pass,C
S2831,94,39,30,9,3,70,100,70.0,Pass,B
S2832,86,28,36,7,3,63,100,63.0,Pass,C
S2833,81,30,32,7,2,58,100,58.0,Pass,D
S2834,78,31,29,7,2,60,100,60.0,Pass,C
S2835,87,30,32,7,3,62,100,62.0,Pass,C
S2836,87,33,40,9,3,79,100,79.0,Pass,B
S2837,80,25,29,5,2,48,100,48.0,Pass,F
S2838,84,25,35,6,3,53,100,53.0,Pass,D
S2839,82,38,33,7,2,69,100,69.0,Pass,C
S2840,74,33,31,7,3,65,100,65.0,Pass,C
S2841,87,34,36,9,3,78,100,78.0,Pass,B
S2842,86,32,26,7,2,58,100,58.0,Pass,D
S2843,88,30,35,9,2,61,100,61.0,Pass,C
S2844,91,36,40,8,3,76,100,76.0,Pass,B
S2845,86,32,30,7,3,61,100,61.0,Pass,C
S2846,88,33,25,6,2,54,100,54.0,Pass,D
S2847,85,31,40,8,3,69,100,69.0,Pass,C
S2848,72,25,24,6,2,42,100,42.0,Pass,F
S2849,82,31,36,9,3,64,100,64.0,Pass,C
S2850,91,33,35,8,2,65,100,65.0,Pass,C
S2851,81,27,23,5,2,44,100,44.0,Pass,F
S2852,83,32,40,9,3,83,100,83.0,Pass,A
S2853,83,31,28,6,3,54,100,54.0,Pass,D
S2854,100,29,33,8,3,70,100,70.0,Pass,B
S2855,80,30,19,5,3,46,100,46.0,Pass,F
S2856,72,37,28,9,3,64,100,64.0,Pass,C
S2857,72,21,30,6,1,39,100,39.0,Fail,F
S2858,87,30,34,8,2,65,100,65.0,Pass,C
S2859,79,25,25,6,2,52,100,52.0,Pass,D
S2860,83,35,30,7,3,64,100,64.0,Pass,C
S2861,89,32,30,6,3,63,100,63.0,Pass,C
S2862,91,34,27,7,3,71,100,71.0,Pass,B
S2863,79,28,27,6,2,58,100,58.0,Pass,D
S2864,100,33,40,9,3,78,100,78.0,Pass,B
S2865,98,33,33,8,3,65,100,65.0,Pass,C
S2866,98,35,37,8,3,76,100,76.0,Pass,B
S2867,89,38,36,7,4,77,100,77.0,Pass,B
S2868,87,26,26,6,3,52,100,52.0,Pass,D
S2869,87,34,32,9,2,66,100,66.0,Pass,C
S2870,93,40,37,9,4,88,100,88.0,Pass,A
S2871,71,34,33,7,2,70,100,70.0,Pass,B
S2872,95,37,37,9,4,71,100,71.0,Pass,B
S2873,92,31,31,7,4,66,100,66.0,Pass,C
S2874,88,37,36,9,3,70,100,70.0,Pass,B
S2875,93,40,36,10,2,75,100,75.0,Pass,B
S2876,88,37,27,8,4,74,100,74.0,Pass,B
S2877,79,25,40,7,3,64,100,64.0,Pass,C
S2878,88,31,35,6,3,64,100,64.0,Pass,C
S2879,90,31,35,8,3,69,100,69.0,Pass,C
S2880,79,35,31,8,2,62,100,62.0,Pass,C
S2881,83,26,34,7,2,61,100,61.0,Pass,C
S2882,84,40,31,6,3,58,100,58.0,Pass,D
S2883,80,37,32,8,3,65,100,65.0,Pass,C
S2884,97,33,33,7,3,70,100,70.0,Pass,B
S2885,88,31,34,8,3,68,100,68.0,Pass,C
S2886,83,32,29,7,3,59,100,59.0,Pass,D
S2887,96,32,35,7,4,84,100,84.0,Pass,A
S2888,82,35,29,6,3,59,100,59.0,Pass,D
S2889,58,25,27,6,2,43,100,43.0,Pass,F
S2890,72,30,25,7,4,56,100,56.0,Pass,D
S2891,84,40,31,8,3,76,100,76.0,Pass,B
S2892,93,39,39,9,3,89,100,89.0,Pass,A
S2893,92,29,36,8,3,65,100,65.0,Pass,C
S2894,80,32,31,8,3,63,100,63.0,Pass,C
S2895,86,40,23,8,3,65,100,65.0,Pass,C
S2896,81,29,26,7,3,58,100,58.0,Pass,D
S2897,77,28,28,6,2,53,100,53.0,Pass,D
S2898,94,33,30,7,3,69,100,69.0,Pass,C
S2899,95,33,30,8,3,76,100,76.0,Pass,B
S2900,78,34,31,8,2,53,100,53.0,Pass,D
S2901,87,33,32,8,3,67,100,67.0,Pass,C
S2902,75,25,28,6,3,48,100,48.0,Pass,F
S2903,88,31,37,9,3,78,100,78.0,Pass,B
S2904,90,32,31,6,3,63,100,63.0,Pass,C
S2905,89,29,39,8,3,76,100,76.0,Pass,B
S2906,96,39,40,9,3,86,100,86.0,Pass,A
S2907,88,29,34,8,3,69,100,69.0,Pass,C
S2908,87,37,28,8,3,59,100,59.0,Pass,D
S2909,92,39,33,8,4,81,100,81.0,Pass,A
S2910,83,29,32,7,2,62,100,62.0,Pass,C
S2911,78,27,34,7,2,49,100,49.0,Pass,F
S2912,73,32,29,9,2,61,100,61.0,Pass,C
S2913,88,40,33,9,3,73,100,73.0,Pass,B
S2914,68,32,27,7,3,56,100,56.0,Pass,D
S2915,88,33,34,8,3,73,100,73.0,Pass,B
S2916,84,34,29,7,3,60,100,60.0,Pass,C
S2917,84,40,35,9,3,80,100,80.0,Pass,A
S2918,100,34,32,9,3,78,100,78.0,Pass,B
S2919,70,24,28,7,2,41,100,41.0,Pass,F
S2920,72,34,28,7,3,61,100,61.0,Pass,C
S2921,70,30,32,8,3,61,100,61.0,Pass,C
S2922,80,30,32,8,3,71,100,71.0,Pass,B
S2923,84,34,39,9,2,80,100,80.0,Pass,A
S2924,98,34,40,9,4,80,100,80.0,Pass,A
S2925,71,22,25,6,2,39,100,39.0,Fail,F
S2926,69,24,26,7,3,46,100,46.0,Pass,F
S2927,88,34,28,8,2,59,100,59.0,Pass,D
S2928,94,38,35,8,4,90,100,90.0,Pass,A+
S2929,84,33,28,8,3,65,100,65.0,Pass,C
S2930,90,37,33,7,4,76,100,76.0,Pass,B
S2931,76,30,29,6,3,63,100,63.0,Pass,C
S2932,83,34,36,8,3,75,100,75.0,Pass,B
S2933,82,31,27,7,2,55,100,55.0,Pass,D
S2934,100,37,34,7,3,79,100,79.0,Pass,B
S2935,78,28,35,7,2,59,100,59.0,Pass,D
S2936,74,28,27,6,3,51,100,51.0,Pass,D
S2937,83,26,26,5,3,40,100,40.0,Pass,F
S2938,79,37,33,7,3,64,100,64.0,Pass,C
S2939,80,36,34,8,3,65,100,65.0,Pass,C
S2940,73,30,28,7,2,48,100,48.0,Pass,F
S2941,85,27,29,7,3,56,100,56.0,Pass,D
S2942,75,31,33,8,3,60,100,60.0,Pass,C
S2943,100,39,37,9,4,80,100,80.0,Pass,A
S2944,85,40,30,8,3,73,100,73.0,Pass,B
S2945,95,39,31,8,3,73,100,73.0,Pass,B
S2946,73,28,24,6,2,44,100,44.0,Pass,F
S2947,78,27,28,6,3,46,100,46.0,Pass,F
S2948,84,32,33,7,2,63,100,63.0,Pass,C
S2949,76,27,28,6,2,41,100,41.0,Pass,F
S2950,87,39,25,8,3,59,100,59.0,Pass,D
S2951,73,32,33,7,3,65,100,65.0,Pass,C
S2952,100,33,37,9,3,80,100,80.0,Pass,A
S2953,84,29,26,6,3,59,100,59.0,Pass,D
S2954,72,30,24,7,2,49,100,49.0,Pass,F
S2955,97,40,25,7,3,69,100,69.0,Pass,C
S2956,74,28,31,6,3,53,100,53.0,Pass,D
S2957,80,31,28,7,3,64,100,64.0,Pass,C
S2958,90,26,37,8,3,63,100,63.0,Pass,C
S2959,80,30,33,7,3,63,100,63.0,Pass,C
S2960,80,27,25,7,4,51,100,51.0,Pass,D
S2961,72,18,30,5,2,37,100,37.0,Fail,F
S2962,90,31,36,8,2,68,100,68.0,Pass,C
S2963,100,29,40,7,4,77,100,77.0,Pass,B
S2964,91,32,35,8,3,71,100,71.0,Pass,B
S2965,79,29,35,7,3,56,100,56.0,Pass,D
S2966,74,29,31,9,3,60,100,60.0,Pass,C
S2967,76,20,32,7,3,50,100,50.0,Pass,D
S2968,87,35,23,5,3,56,100,56.0,Pass,D
S2969,78,33,30,7,3,63,100,63.0,Pass,C
S2970,85,27,32,7,3,54,100,54.0,Pass,D
S2971,75,26,32,6,1,50,100,50.0,Pass,D
S2972,88,34,31,8,2,61,100,61.0,Pass,C
S2973,89,35,31,8,4,73,100,73.0,Pass,B
S2974,73,23,35,8,2,52,100,52.0,Pass,D
S2975,85,36,31,9,3,74,100,74.0,Pass,B
S2976,86,31,31,6,2,53,100,53.0,Pass,D
S2977,90,35,29,8,2,59,100,59.0,Pass,D
S2978,83,23,23,5,3,46,100,46.0,Pass,F
S2979,96,40,35,9,4,85,100,85.0,Pass,A
S2980,75,23,23,7,2,44,100,44.0,Pass,F
S2981,94,34,39,9,3,79,100,79.0,Pass,B
S2982,91,40,35,9,3,83,100,83.0,Pass,A
S2983,100,37,37,8,2,73,100,73.0,Pass,B
S2984,89,32,30,8,3,63,100,63.0,Pass,C
S2985,92,35,34,8,2,66,100,66.0,Pass,C
S2986,80,31,32,8,2,62,100,62.0,Pass,C
S2987,73,32,26,7,2,52,100,52.0,Pass,D
S2988,93,27,37,7,3,66,100,66.0,Pass,C
S2989,87,27,35,8,2,70,100,70.0,Pass,B
S2990,86,37,33,8,3,66,100,66.0,Pass,C
S2991,70,28,29,7,3,44,100,44.0,Pass,F
S2992,89,32,39,8,3,71,100,71.0,Pass,B
S2993,88,30,25,7,2,49,100,49.0,Pass,F
S2994,97,40,38,9,4,81,100,81.0,Pass,A
S2995,82,31,28,6,2,52,100,52.0,Pass,D
S2996,78,38,27,7,2,57,100,57.0,Pass,D
S2997,78,30,33,9,2,61,100,61.0,Pass,C
S2998,82,29,40,8,3,59,100,59.0,Pass,D
S2999,97,32,38,7,3,64,100,64.0,Pass,C
